gender,condition,overall_tol,overall_pred,overall_threat,uniqueID,datasource,consent,contquantity,contquality,age,gendertext,ethnicity,sexualorient,sotext,religion,religion_other,religiosity,secularism1,secularism2,dutchidentification,essay1,essay2,tol_1,tol_2,tol_3,tol_4,tol_5,tol_6,prej_1,prej_2,prej_3,prej_4,prej_5,prej_6,empathy_1,empathy_2,empathy_3,empathy_4,empathy_5,empathy_6,multicult_1,multicult_2,multicult_3,multicult_4,multicult_5,multicult_6,multicult_7,multicult_8,inanx_1,inanx_2,inanx_3,inanx_4,outva_1,threat_1,threat_2,threat_3,threat_4,threat_5,threat_6,threat_7,threat_8,threat_9,threat_10,theor_Muslims,theor_Dutch,theor_Polish,theor_British,theor_Surinam,theor_Syrian,comp_1,comp_2,comp_3,comp_4,circle,outvariable,distance1,distance2,distance3,distance4,distance5,FL_10_DO_PersBenefitman,FL_10_DO_SocBenefitman,FL_10_DO_Control,StartDate,EndDate,Status,IPAddress,Progress,Duration__in_seconds_,Finished,RecordedDate,ResponseId
2,0,4.666666667,4,4.9,143,2,1,5,5,19,-99,Latino/Europeaans,1,-99,1,Rooms-katholiek,2,5,4,2,,,5,6,5,5,3,4,6,4,3,4,4,3,5,4,3,4,3,2,5,4,2,3,3,3,4,6,3,3,3,3,3,2,5,5,4,5,5,6,6,6,5,50,90,50,60,50,40,4,2,2,4,2,7,2,2,2,2,2,,,1,21/11/2019 12:55,21/11/2019 13:12,0,145.90.157.12,100,1007,1,21/11/2019 13:12,R_3z1YROp3zyYVA3v
1,1,3.666666667,3.833333333,6.3,26,1,1,2,4,26,-99,Het Nederlandse volk,1,-99,1,Rooms-katholiek,5,4,3,6,-99,,1,1,1,7,7,5,2,7,6,5,2,1,1,2,1,2,1,1,2,1,6,1,7,7,1,1,2,2,1,1,1,2,7,6,6,7,7,7,7,7,7,2,100,75,90,15,3,5,1,1,5,1,7,6,8,6,8,2,1,,,20/11/2019 20:35,20/11/2019 20:52,0,31.21.247.214,100,1026,1,20/11/2019 20:52,R_STemnLFHkVZbuNP
2,0,4.5,4.5,4.5,63,1,1,4,4,65,-99,Nederlander,1,-99,1,RK,6,5,5,6,,,7,6,7,2,4,1,7,4,4,4,4,4,3,3,3,3,3,3,7,7,2,7,4,4,7,4,4,4,4,4,4,1,6,4,4,4,6,6,6,4,4,50,50,50,50,50,50,3,3,2,3,5,5,1,1,1,1,1,,,1,23/11/2019 19:18,23/11/2019 19:30,0,84.106.251.44,100,707,1,23/11/2019 19:30,R_2TT5oCqr8d4bAKG
2,1,4.166666667,4.333333333,2.2,66,1,1,2,6,20,-99,Nederlands,4,panseksueel,1,Protestants christen,5,6,6,6,Het artikel gaat over tolerantie en heeft betrekking op de soorten tolerantie die er zijn.,,7,7,6,2,1,2,7,4,1,1,7,6,4,4,4,4,4,4,7,7,1,7,1,4,6,4,1,3,1,1,4,1,1,1,1,1,3,5,4,4,1,50,50,50,50,50,70,1,1,2,2,3,5,1,1,1,1,1,1,,,25/11/2019 12:08,25/11/2019 12:20,0,94.212.120.167,100,681,1,25/11/2019 12:20,R_8BodLtMRte6Adc5
2,1,4.5,4.833333333,5.4,141,2,1,2,4,18,-99,Nederlandse,1,-99,1,protestants,5,8,4,5,Er zijn twee vormen van tolerantie: openstaan voor nieuwe dingen of jouw mening opzij zetten om anderen hun gang te laten gaan. ,,5,6,4,3,5,4,5,6,5,5,5,3,5,5,3,3,3,1,5,5,3,2,6,5,5,4,5,2,5,5,5,3,5,5,3,5,6,7,7,7,6,31,96,36,72,55,32,4,2,2,4,2,6,4,2,4,4,1,1,,,27/11/2019 20:34,27/11/2019 20:44,0,80.114.181.22,100,643,1,27/11/2019 20:44,R_r9cizSeO4qQONOh
2,1,4.333333333,4,3.4,13,1,1,5,6,-99,-99,Nederlands,1,-99,1,Protestant,6,2,4,5,Tolerantie is belangrijk. Elkaar accepteren zoals je bent,,6,5,4,5,4,2,6,2,4,2,6,4,4,4,5,5,4,5,6,5,4,4,5,5,5,3,2,2,2,2,4,3,4,2,2,2,5,5,4,5,2,66,80,53,73,76,64,3,3,3,2,4,6,5,5,5,5,2,1,,,19/11/2019 21:03,19/11/2019 21:18,0,78.13.56.202,100,944,1,19/11/2019 21:18,R_20StFfiun6UBGts
2,1,,,,71,1,1,2,5,65,-99,blank,1,-99,1,katholiek,5,5,5,5,Tolerantie is veel beter voor je gezondheid.,,,,,,,,,,,,,,,,,,,,,,,,,,,,,,,,,,,,,,,,,,,,,,,,,,,,,,,,,,,,,,,,,,,,,,,
2,1,4.166666667,4.166666667,4.1,236,3,1,2,4,26,-99,Nederlandse,1,-99,1,Katholiek,2,8,5,5,Tolerantie is een begrip waar al een langere tijd discussie over is. Tolerantie heeft in de meeste gevallen positieve gevolgen v,,5,5,6,4,3,2,5,6,4,3,4,3,6,6,6,6,4,4,6,5,4,6,4,3,5,4,3,3,3,3,6,4,5,4,3,3,5,6,4,5,2,60,70,40,70,40,20,2,4,3,3,2,6,5,2,2,2,2,1,,,02/12/2019 10:37,02/12/2019 10:45,0,62.45.173.170,100,477,1,02/12/2019 10:50,R_yZIspN4LndNzUNb
2,1,3.5,4.5,4,202,3,1,3,6,23,-99,Nederlandse,1,-99,1,Katholiek,5,5,5,6,Tolerantie is belangrijk voor je als persoon. Voor een positieve invloed op jouw gemoetsrust en dat van anderen.,,5,7,4,2,1,2,7,2,4,4,6,4,5,6,6,6,4,4,4,5,4,6,5,4,3,4,5,5,3,3,6,2,4,4,4,2,5,6,6,4,3,65,90,60,90,90,50,3,4,2,2,6,6,2,2,1,1,1,1,,,02/12/2019 16:18,02/12/2019 16:37,0,80.100.195.127,100,1170,1,02/12/2019 16:37,R_W9xJHSJK0se64lb
2,1,3.5,4.333333333,4.3,28,1,1,5,6,21,-99,Dutch,1,-99,1,Katholiek,6,6,4,6,"Tolerantie bestaat uit twee delen, socaile en pahycologische.",,3,4,4,3,4,3,5,4,5,4,5,3,5,3,5,4,4,1,3,3,3,2,5,5,5,3,3,2,4,4,4,2,5,5,4,4,5,6,5,5,2,44,70,56,70,70,44,2,1,2,2,2,7,1,1,1,1,1,1,,,21/11/2019 16:32,21/11/2019 16:39,0,82.74.23.72,100,419,1,21/11/2019 16:39,R_2pLGIWTfrsY1Yur
2,1,4.333333333,4,3.3,152,2,1,2,6,18,-99,Nederlands,1,-99,1,Katholiek,1,3,4,5,"Iedereen heeft zijn eigen vorm van tolerantie, maar er zijn twee officiële vormen. Tolerante mensen zijn gezonder, dan niet tol",,6,4,5,2,5,4,6,2,5,2,5,4,5,5,5,5,4,2,6,5,2,6,2,2,3,5,3,3,3,3,6,2,2,2,4,2,5,5,5,5,1,63,82,63,79,77,45,2,4,4,2,4,7,2,2,2,2,2,1,,,20/11/2019 14:49,20/11/2019 14:59,0,82.75.197.220,100,578,1,20/11/2019 14:59,R_pMZ6AjJCYh2S5VL
2,1,4,4.5,4,134,2,1,2,6,19,-99,Nederlandse,1,-99,1,katholiek,2,5,4,5,"Er zijn twee verschillende stromingen, die beiden tolerantie net wat anders verwoorden. Tolerant zijn heeft allemaal (gezondheid",,6,7,6,2,1,2,6,3,3,5,6,4,6,4,6,6,3,3,7,5,2,3,2,5,5,4,3,3,5,5,3,2,3,2,4,4,6,6,6,5,2,70,85,40,70,69,60,2,4,2,3,5,7,6,2,1,2,2,1,,,01/12/2019 22:17,01/12/2019 22:39,0,84.241.199.164,100,1305,1,01/12/2019 22:39,R_2xYqGaUu5ijg5fM
1,1,4.166666667,4.333333333,4.7,162,2,1,3,4,22,-99,Westers,1,-99,1,Katholiek,5,5,8,5,"Per ongeluk te snel doorgeklikt, kan niet meer terug.",,6,5,2,4,5,3,3,5,4,4,5,5,5,5,5,5,5,3,5,4,4,4,5,5,5,4,4,4,4,4,4,2,4,4,4,4,6,6,6,6,5,44,77,60,66,98,45,4,2,3,3,3,7,5,2,1,4,1,1,,,25/11/2019 09:55,25/11/2019 10:10,0,143.176.17.76,100,887,1,25/11/2019 10:10,R_2U3ZNMvRDfOmlHw
2,1,4,4.166666667,2.6,123,2,1,6,7,18,-99,Nederlands,1,-99,1,islam,7,6,6,6,in het artikel wordt besproken dat tolerantie het accepteren en openstaan van verschillen met anderen is en dat dit positieve ge,,7,7,7,1,1,1,7,2,1,1,7,7,7,7,7,7,7,7,7,7,1,3,6,5,6,5,1,1,1,1,7,1,1,1,1,1,6,6,6,2,1,100,100,100,100,100,100,1,5,2,4,7,6,1,1,1,1,1,1,,,20/11/2019 12:02,20/11/2019 12:14,0,77.160.80.74,100,752,1,20/11/2019 12:14,R_2V3YDLdApflNIo6
2,0,3.833333333,3.833333333,2.8,133,2,1,6,7,18,-99,Nederlands,1,-99,1,islam,6,2,2,6,,,7,6,7,1,1,1,7,2,1,1,6,6,7,6,6,7,6,7,7,6,6,6,1,2,5,5,1,1,1,1,3,1,2,1,2,1,5,6,6,3,1,84,100,78,86,85,83,2,4,3,1,4,7,1,1,1,1,1,,,1,21/11/2019 16:23,21/11/2019 16:27,0,129.125.185.62,100,269,1,21/11/2019 16:27,R_3hnC5BNl2kD7oBB
2,2,4.166666667,4.333333333,2.8,92,2,1,2,6,19,-99,Nederlands,3,-99,1,"Ik ben geen atheïst, maar weet nog niet goed waar ik in geloof.",4,5,5,5,,"Tolerantie binnen een samenleving is belangrijk, aangezien het leidt tot een hechtere en sterkere samenleving.",6,6,5,2,2,4,6,4,4,2,6,4,5,6,4,5,4,3,7,5,1,6,3,4,5,4,5,4,5,5,4,1,4,1,1,1,5,6,4,4,1,80,90,68,90,78,68,2,4,2,3,3,7,5,1,1,1,1,,1,,25/11/2019 21:46,25/11/2019 22:01,0,82.73.176.107,100,853,1,25/11/2019 22:01,R_31vktSLljwXJW44
2,1,4,4.5,2.4,44,1,1,2,6,27,-99,Nederlands,1,-99,1,Christendom (gereformeerd),2,5,5,5,"Er zijn twee verschillende vormen van tolerantie, en hoe tolerant iemand is tegenover andere gebruiken heeft iemand op zijn/haar",,6,6,5,3,3,1,6,5,2,2,6,6,5,6,5,4,1,1,7,6,3,5,4,5,6,4,2,2,3,2,5,1,2,1,1,1,5,6,3,3,1,65,75,60,50,65,73,3,4,2,2,4,6,2,1,5,4,1,1,,,21/11/2019 22:00,21/11/2019 22:16,0,94.212.43.161,100,965,1,21/11/2019 22:16,R_Y4bROrSATcNIAEN
2,2,4.5,4,4.4,218,3,1,3,5,23,-99,Nederlands,2,-99,1,Christendom,1,4,3,5,,Niet alleen de minderheid maar ook de meerderheid heeft profijt aan tolerantie,7,6,5,4,3,2,6,3,3,4,4,4,4,5,4,5,3,3,5,5,3,2,3,4,4,5,3,2,2,2,5,5,4,3,3,2,6,6,6,5,4,67,98,62,86,93,71,3,4,2,2,4,6,2,1,1,1,1,,1,,02/12/2019 11:16,02/12/2019 12:02,0,212.84.154.141,100,2773,1,02/12/2019 12:02,R_1eOXKF8uN6v6Isf
2,1,3.666666667,3.833333333,2.5,97,2,1,5,6,18,-99,Nederlands,1,-99,1,Christendom,3,5,6,5,"Tolerantie wordt door verschillende mensen op verschillende manieren gezien, maar draagt bij aan een gezondere samenleving.",,6,6,6,2,1,1,6,2,2,1,6,6,6,4,6,2,4,2,7,7,1,6,2,4,5,4,2,2,2,2,4,2,2,2,2,3,3,5,3,2,1,75,75,75,85,75,75,2,4,2,2,6,6,1,1,1,1,1,1,,,24/11/2019 10:46,24/11/2019 11:31,0,217.101.237.25,100,2711,1,24/11/2019 11:31,R_2v8GBP08qwP46HF
2,1,4.5,4.166666667,3.2,17,1,1,3,7,23,-99,Blank/Nederlands,1,-99,1,Christendom,4,6,6,6,Tolerantie kan betekenen het volledig accepteren en goedkeuren van een andere cultuur/gewoonten of de andere cultuur/gewoonten z,,7,7,7,1,4,1,7,1,2,1,7,7,5,6,6,5,3,2,7,7,1,2,1,5,3,6,1,1,1,1,5,1,1,1,4,1,6,6,6,5,1,75,75,75,75,75,75,2,4,3,2,5,7,1,1,1,1,1,1,,,19/11/2019 21:35,19/11/2019 22:03,0,213.127.71.166,100,1664,1,19/11/2019 22:03,R_1KiNdwOhkVKGvEL
2,1,3.333333333,4.5,2.6,58,1,1,6,6,43,-99,Nederlandse,1,-99,1,Christendom,5,3,3,5,"Tolerantie is je eigen vooroordelen opzij zetten, de ander in zijn waarde laten, zijn leven op zijn eigen manier laten lijden. M",,6,3,5,1,4,1,7,4,3,3,5,5,6,5,4,5,1,1,7,4,1,5,3,5,5,4,3,2,2,1,4,1,1,1,2,2,4,6,5,2,2,80,100,59,80,70,80,2,4,2,2,5,4,5,1,1,1,1,1,,,22/11/2019 16:34,22/11/2019 16:50,0,109.37.130.89,100,948,1,22/11/2019 16:50,R_1gGzWWlZqkia8OX
2,1,4,4.166666667,4.2,6,1,1,2,5,23,-99,Nederlands,1,-99,1,Christendom,5,8,4,6,Leven volgend tolerantie kan positieve invloed hebben tot het zien van elkander,,7,5,7,2,2,1,6,3,3,2,6,5,5,4,3,5,5,2,6,5,2,5,1,3,6,6,4,3,5,1,7,2,5,2,4,3,6,6,6,5,3,54,90,34,75,90,51,2,4,2,4,4,6,5,4,1,2,2,1,,,19/11/2019 18:59,19/11/2019 19:22,0,82.72.119.15,100,1364,1,19/11/2019 19:22,R_cu7QDoVivir0tvX
2,2,3,4,4.8,60,1,1,5,6,23,-99,kaukasisch,1,-99,1,christendom,6,6,6,6,,"Tolerantie kan verschillend op worden opgevat: als het niet veroordelen van mensen en hun cultuur (in dit artikel), of als het a",6,5,4,1,1,1,4,2,4,4,5,5,6,6,6,5,6,4,7,4,4,4,4,5,6,6,2,3,2,2,2,2,4,4,6,4,6,6,6,6,4,70,70,70,70,70,70,3,3,2,4,4,7,2,1,1,1,1,,1,,22/11/2019 23:03,22/11/2019 23:37,0,65.100.50.186,100,2036,1,22/11/2019 23:37,R_1jfX77fon5Qhmei
2,2,4.166666667,4.166666667,3.5,114,2,1,1,4,19,-99,Nederlands,1,-99,1,Christendom,6,4,3,5,,Tolerantie is het accepteren van de gebruiken en geloof/cultuur van een ander ook al ben je het er niet mee eens,4,6,6,3,4,2,6,2,4,2,6,5,6,5,3,6,4,1,7,7,3,6,5,3,2,5,2,2,2,2,5,3,2,2,1,2,5,7,6,4,3,70,80,70,70,70,50,3,4,2,4,4,7,1,1,1,1,1,,1,,25/11/2019 09:51,25/11/2019 10:02,0,62.195.105.111,100,648,1,25/11/2019 10:02,R_1liVpwvtWcsgTYM
2,2,4,3.166666667,3.8,166,2,1,5,6,18,-99,Nederlands,1,-99,1,Christendom,6,5,4,8,,Het artikel gaat over de tolerantie in verschillende culturen,6,6,6,2,2,2,1,4,1,2,5,6,5,5,4,5,4,4,5,6,6,5,3,3,6,4,3,3,3,3,5,2,3,3,3,2,6,6,6,5,2,73,81,46,59,92,90,2,4,2,3,4,7,5,2,2,2,2,,1,,24/11/2019 19:23,24/11/2019 19:32,0,84.82.124.76,100,487,1,24/11/2019 19:32,R_1IuXrSvp6Fg4MfW
2,0,4.5,4.166666667,5.4,25,1,1,2,6,23,-99,Nederlandse,1,-99,1,Christendom,6,6,1,1,,,6,6,4,2,4,5,6,2,5,5,4,3,3,3,3,3,3,3,6,6,1,3,5,3,2,5,3,2,2,2,6,2,6,5,4,6,6,7,7,7,4,70,100,55,56,100,71,3,3,2,4,3,7,4,1,1,1,1,,,1,20/11/2019 10:49,20/11/2019 11:00,0,81.207.135.3,100,669,1,20/11/2019 11:00,R_3kvNF2OBjPg4t8U
2,0,3.833333333,4.333333333,4.2,144,2,1,3,5,18,-99,Nederlands,1,-99,1,Christendom,3,3,5,5,,,6,6,3,3,3,2,6,3,3,2,6,6,6,6,4,6,4,2,7,5,2,3,4,6,3,4,2,2,2,2,4,2,4,3,3,2,5,6,6,6,5,50,80,50,50,70,50,4,2,2,4,3,6,2,2,2,2,2,,,1,21/11/2019 13:30,21/11/2019 13:44,0,145.132.107.232,100,815,1,21/11/2019 13:44,R_2e5qmi1pMnyaAlt
1,1,5,4,5.2,179,3,1,4,5,35,-99,Nederlander,1,-99,1,christendom,5,5,5,6,Tolerantie is belangrijk voor je creativiteit en de discussie is al enkele decennia gaande.,,6,6,6,5,5,2,6,2,4,2,6,4,3,4,4,4,4,3,6,5,5,6,3,3,1,2,2,2,2,2,5,2,6,5,4,7,7,7,7,2,5,65,100,61,85,85,80,2,4,3,4,3,7,2,2,2,2,2,1,,,02/12/2019 11:27,02/12/2019 11:35,0,77.160.168.109,100,492,1,02/12/2019 11:35,R_122SjZkZPJaz66Z
1,0,4.166666667,4,3.7,163,2,1,6,7,18,-99,Nederlands,1,-99,1,Christendom,7,5,8,5,,,7,7,6,1,2,2,7,2,2,1,7,5,6,6,5,4,2,2,7,5,6,4,3,5,5,4,1,1,1,1,2,2,3,1,4,4,6,6,5,4,2,81,70,70,70,90,50,2,4,3,3,5,8,1,1,1,1,1,,,1,21/11/2019 09:48,21/11/2019 09:54,0,145.90.176.147,100,329,1,21/11/2019 09:54,R_1Ri2ps3NOPVDRHH
1,1,4.5,3.833333333,5.8,187,3,1,6,5,25,-99,Nederlands,1,-99,1,Christen,5,5,8,3,Wat tolerantie inhoudt en welke voordelen het heeft bij het dagelijks leven,,6,4,3,5,5,4,3,3,6,6,3,2,4,5,5,5,5,2,2,3,6,2,6,6,4,5,4,4,4,4,5,4,6,6,4,5,7,7,7,7,5,21,51,37,51,39,22,4,2,2,4,2,6,5,5,5,5,5,1,,,02/12/2019 13:34,02/12/2019 13:44,0,213.126.236.162,100,602,1,02/12/2019 13:44,R_339gPaZeJadNgVD
1,2,3.833333333,3.833333333,3.7,186,3,1,3,4,33,-99,Noord Europees,1,-99,1,Christelijke,4,6,5,6,,"Het is geen nieuwsartikel, maar een opiniestuk over welke vormen van tolerantie er bestaan, en wat dit in een paar zinnen beteke",4,6,4,4,4,1,7,4,4,1,4,3,4,5,2,3,2,1,7,3,4,4,6,4,3,3,2,2,2,2,1,1,2,3,5,1,6,6,5,5,3,53,52,58,71,53,18,4,2,2,4,3,8,5,1,1,1,1,,1,,02/12/2019 10:59,02/12/2019 11:29,0,145.77.93.74,100,1781,1,02/12/2019 11:29,R_x3ARgBUGp0YaLgl
1,2,4.666666667,4.166666667,3.4,222,3,1,6,6,29,-99,Christelijke Nederlander,1,-99,1,Christelijke,5,6,8,6,,"Er zijn 2 verschillende vormen van tolerantie, 1 waarin je zonder vooroordeel de andere levensovertuiging accepteert. En de ande",6,7,6,4,3,2,7,2,2,1,7,6,5,3,4,4,4,4,,7,3,4,3,4,5,5,1,1,1,2,7,2,2,2,2,2,6,6,6,5,1,65,85,60,80,65,76,2,4,2,3,2,6,1,1,1,1,1,,1,,02/12/2019 11:06,02/12/2019 11:16,0,83.85.158.22,100,624,1,02/12/2019 11:16,R_2z6fQ3BILTod0Aw
2,2,4,4,3.7,228,3,1,1,4,18,-99,kaukasisch,4,"questioning, waarschijnlijk bi",1,Christelijk,3,3,3,8,,tolerantie is belangrijk omdat iedereen er belang bij heeft. er zijn meerdere definities van tolerantie.,6,6,5,2,3,2,6,3,3,2,6,4,5,5,4,4,3,2,6,3,2,5,4,2,4,5,2,2,2,3,4,2,4,3,4,4,5,5,5,3,2,63,100,43,64,69,42,3,3,3,3,2,7,4,2,2,2,2,,1,,02/12/2019 12:58,02/12/2019 13:09,0,145.97.133.174,100,645,1,02/12/2019 13:09,R_3p4gBb4qLRwNTnZ
2,1,3.833333333,3.833333333,4.5,29,1,1,2,5,21,-99,Nederlandse,1,-99,1,Christelijk,3,5,5,5,Tolerantie is o.a. het accepteren van andere geloofsopvattingen om zo vredig met elkaar te kunnen leven.,,6,6,6,2,2,1,5,5,3,2,5,3,5,5,5,5,3,2,6,5,1,5,3,3,2,2,3,2,3,3,3,2,5,3,4,6,6,6,6,5,2,60,80,60,80,75,60,2,4,2,2,2,6,2,2,2,2,1,1,,,21/11/2019 16:41,21/11/2019 16:52,0,87.214.140.33,100,699,1,21/11/2019 16:52,R_1DIulEOvCuGN3ZO
2,0,3.333333333,4.5,5.6,9,1,1,6,4,22,-99,"NL, christelijk",1,-99,1,Christelijk,5,2,4,6,,,6,5,3,2,2,2,5,6,6,3,5,2,3,3,3,3,3,3,7,6,2,2,4,5,7,3,2,2,2,2,5,2,6,6,6,4,7,7,7,7,4,15,92,43,77,99,23,3,3,1,4,2,5,1,1,4,6,1,,,1,19/11/2019 19:41,19/11/2019 19:51,0,213.127.0.88,100,595,1,19/11/2019 19:51,R_wTQR9lan9Jz6pEJ
2,0,3.166666667,4.166666667,3.3,103,2,1,6,6,19,-99,Nederlands,1,-99,1,Christelijk,6,5,2,6,,,4,6,6,1,1,1,7,3,1,2,6,6,5,6,6,4,4,1,7,4,1,5,2,5,5,4,2,2,2,2,4,1,2,1,1,1,6,6,6,7,2,83,85,83,86,88,83,2,4,3,2,5,6,1,1,1,1,1,,,1,22/11/2019 20:58,22/11/2019 21:10,0,85.148.238.139,100,673,1,22/11/2019 21:10,R_UmPGf08DNQMAwEh
2,0,3.833333333,3.666666667,3.9,153,2,1,4,6,22,-99,Nederlands,1,-99,1,Christelijk,6,3,3,5,,,4,6,5,3,4,1,6,4,2,2,4,4,5,5,4,5,4,4,7,5,1,4,4,4,4,5,3,3,3,3,3,2,3,3,5,3,4,6,5,5,3,80,90,80,85,85,80,2,3,2,3,5,6,1,1,1,1,1,,,1,20/11/2019 16:38,20/11/2019 16:49,0,145.120.36.86,100,623,1,20/11/2019 16:49,R_PHQR1CG2rf1dWZH
1,2,4.333333333,3.833333333,3.6,207,3,1,5,6,20,-99,Nederlands,1,-99,1,Christelijk,5,5,8,8,,Tolerantie is het accepteren van andermans gebruiken ondanks dat je het er niet altijd mee eens bent en is belangrijk voor de sa,5,4,6,4,5,2,6,4,2,2,5,4,5,5,3,4,4,2,6,5,2,5,3,3,5,5,3,5,4,3,3,1,3,2,1,2,6,6,6,5,4,60,80,60,70,70,60,4,2,2,4,4,7,1,1,1,1,1,,1,,02/12/2019 10:42,02/12/2019 10:52,0,145.33.103.97,100,626,1,02/12/2019 10:52,R_2XdIxnyMwXpCoSG
4,3,5.166666667,4.333333333,3.9,Vooral op de lange termijn.,,4,5,5,6,4,5,5,3,4,4,3,4,3,3,3,3,6,5,3,5,6,6,5,5,4,4,4,4,5,2,5,4,4,4,6,6,6,6,4,60,83,61,71,78,52,4,3,2,4,4,6,5,5,5,5,2,1,,,27/11/2019 11:27,27/11/2019 11:48,0,213.10.42.169,100,1284,1,27/11/2019 11:48,R_3qEHuASE0pouVZ0,,,,,,,,,,,,,,,,,,
1,5,3.833333333,3,2.666666667,#NAME?,3,4,6,7,7,4,4,5,3,3,2,5,5,6,5,3,5,5,3,2,3,5,5,3,3,5,3,2,2,1,2,3,6,6,6,6,6,7,5,38,72,62,72,60,43,2,3,2,4,3,6,6,1,1,1,1,,1,,02/12/2019 11:12,02/12/2019 11:22,0,77.165.93.65,100,557,1,02/12/2019 11:22,R_6JXZKbRboPJUHap,,,,,,,,,,,,,,,,,,,
2,0,4.333333333,4.833333333,4.4,180,3,1,3,4,19,-99,Wit,4,aseksueel,2,-99,1,6,5,8,,,2,6,5,5,3,5,6,5,5,3,5,5,5,6,4,5,3,3,6,5,4,3,4,5,5,4,3,3,2,3,4,1,5,4,5,4,6,6,5,5,3,51,67,69,74,66,75,3,3,2,4,3,6,2,4,2,2,4,,,1,02/12/2019 14:12,02/12/2019 14:19,0,84.29.11.123,100,414,1,02/12/2019 14:19,R_3kijIjujfSqn8cK
1,0,4,4.166666667,3.8,193,3,1,2,6,25,-99,Kaucasisch/Aziatisch,4,N/A,2,-99,2,5,8,5,,,6,6,6,2,2,2,6,5,2,2,5,5,5,6,5,6,4,4,6,7,2,5,3,2,6,5,3,3,3,3,4,3,4,3,4,5,4,5,4,3,3,70,80,60,75,70,65,2,4,2,2,5,7,5,5,5,5,2,,,1,02/12/2019 11:33,02/12/2019 11:45,0,84.104.169.107,100,732,1,02/12/2019 11:45,R_2BhyqGiYGMcA9C5
2,1,3.666666667,3.5,2.6,95,2,1,3,4,20,-99,Chinees,3,-99,2,-99,1,6,6,4,Tolerantie is iemand anders laten leven zoals zij willen leven. En zonder dat je er vooroordelen bijzet,,5,7,7,1,1,1,6,2,1,1,7,4,2,2,2,3,2,2,7,7,1,6,1,1,1,6,1,1,1,1,1,1,1,1,1,1,5,5,5,5,1,50,50,50,50,50,50,1,5,3,2,6,7,1,1,1,1,1,1,,,25/11/2019 15:03,25/11/2019 15:15,0,94.214.129.184,100,724,1,25/11/2019 15:15,R_8HPRgNF7qphx2a5
2,1,4.166666667,4,2.3,189,3,1,3,6,20,-99,Nederlands,3,-99,2,-99,1,6,5,5,Er zijn twee opvattingen over wat tolerantie is: open staan voor mensen en mensen hun gang laten gaan. Het is beter voor je gezo,,6,6,7,3,2,1,7,2,2,1,6,6,6,6,6,6,7,2,6,6,1,6,2,1,6,5,1,1,1,1,5,1,2,1,1,1,5,5,3,3,1,75,75,75,74,75,70,2,4,4,2,6,7,1,1,1,1,1,1,,,02/12/2019 10:29,02/12/2019 10:37,0,86.94.185.115,100,467,1,02/12/2019 10:37,R_1FqRLZUdencKZKT
2,1,4.166666667,3.833333333,2.6,233,3,1,6,6,20,-99,Nederlands-Marokkaans,3,-99,2,-99,5,6,6,6,"Er zijn twee 'soorten' tolerantie; het openstaan voor andere culturen en ze leren kennen, en andere culturen en hun regels accep",,7,7,7,2,1,1,6,2,2,2,6,5,6,6,6,7,6,7,7,7,4,6,3,2,6,4,1,1,2,5,6,1,1,1,1,2,5,7,5,2,1,80,80,90,80,90,60,1,4,3,4,3,4,5,1,1,1,1,1,,,02/12/2019 15:43,02/12/2019 15:55,0,86.93.52.223,100,747,1,02/12/2019 15:55,R_3q7skAI7X8z5iZ6
2,1,5.166666667,4.166666667,3.9,70,1,1,3,3,20,-99,Nederlands,3,-99,2,-99,1,8,5,5,"Er zijn 2 verschillende soorten tolerantie, het sociale accepteren van anderen en het filosofische openstaan naar anderen.",,6,6,5,6,4,4,6,2,5,4,5,3,3,5,3,3,3,2,6,5,3,4,3,4,5,5,3,3,3,3,6,2,3,2,4,5,5,5,5,5,3,39,52,39,52,52,40,4,2,2,4,3,7,1,1,1,1,1,1,,,26/11/2019 18:09,26/11/2019 18:19,0,94.212.75.103,100,636,1,26/11/2019 18:19,R_2pWi7AH1wx7ifXi
2,1,4.166666667,4,3,210,3,1,2,7,26,-99,"Nederlandse (Nederlandse moeder, Chinese vader)",3,-99,2,-99,2,5,5,4,"De twee meest gangbare definities van de term ""tolerantie"" (open staan voor andere ideeën en culturen/mensen hun leven laten le",,7,7,7,2,1,1,7,2,2,1,6,6,6,5,6,7,4,3,7,7,1,4,1,1,7,6,3,1,1,1,4,1,1,1,1,5,5,6,4,5,1,86,70,89,91,92,91,2,4,2,3,4,7,2,1,1,1,1,1,,,02/12/2019 10:52,02/12/2019 11:14,0,217.121.248.5,100,1321,1,02/12/2019 11:14,R_31i1jyIuvpFNsc1
2,2,4,3,2.6,217,3,1,6,7,21,-99,Nederlands-Portugees,3,-99,2,-99,5,6,6,4,,"Tolerantie kan op twee manieren worden gedefinieerd, maar het is vooral belangrijk dat we de filosofische opvatting van tolerant",7,7,7,1,1,1,1,1,3,1,7,5,6,6,4,4,6,4,7,7,1,5,2,1,7,4,1,1,1,1,2,1,5,1,3,1,5,5,2,2,1,100,81,70,30,84,100,1,5,2,2,5,7,1,1,1,1,1,,1,,02/12/2019 15:36,02/12/2019 15:48,0,87.210.2.94,100,709,1,02/12/2019 15:48,R_1gHMgyehL8k1r04
2,2,5.166666667,4.833333333,3.5,50,1,1,2,6,18,-99,Nederlands,3,-99,2,-99,2,6,6,8,,Tolerantie houdt in dat de gebruiken en identiteit van andere culturen geaccepteerd worden. Dit is belangrijk voor de samenhang ,7,7,7,2,5,3,6,6,2,3,6,6,4,4,4,4,4,4,6,6,3,4,4,5,5,4,2,2,2,5,6,1,2,2,4,2,5,6,6,5,2,60,70,60,70,70,70,2,4,2,4,3,7,5,2,2,2,2,,1,,22/11/2019 10:09,22/11/2019 10:19,0,80.114.183.88,100,596,1,22/11/2019 10:19,R_3Kqs5DzKmx5sjgu
2,2,4,4.333333333,3.4,40,1,1,6,7,25,-99,Nederlandse,3,-99,2,-99,1,5,5,5,,Het artikel ging over enkele definities van tolerantie.,6,6,7,2,2,1,6,5,3,4,5,3,4,4,4,2,4,2,7,6,2,3,4,2,6,4,3,3,3,3,3,1,4,1,1,4,5,6,6,5,1,60,60,60,60,60,60,1,5,2,2,5,7,2,1,1,1,1,,1,,21/11/2019 20:12,21/11/2019 20:19,0,213.93.235.185,100,436,1,21/11/2019 20:19,R_324Ius6A6gkeRcm
2,2,4.333333333,3.666666667,4.4,27,1,1,2,4,25,-99,Nederlandse,3,-99,2,-99,1,6,6,5,,Er zijn twee hoofdopvattingen van de definitie van tolerantie; zonder vooroordelen naar een ander kijken en het accepteren van a,6,7,7,2,2,2,4,4,2,2,6,4,7,6,6,6,3,2,7,7,1,4,5,4,6,5,2,2,2,2,4,2,4,4,4,4,5,6,6,6,3,50,50,65,50,67,61,2,4,3,3,2,7,2,2,2,2,1,,1,,21/11/2019 11:14,21/11/2019 11:34,0,89.205.224.59,100,1179,1,21/11/2019 11:34,R_2f3rslEFj4iGV4O
2,2,4.166666667,4,3.9,98,2,1,5,6,19,-99,Blank,3,-99,2,-99,2,6,5,8,,"Er wordt gepraat over de officiële betekenis van tolerantie, en de voordelen die tolerantie geeft aan de maatschappij.",7,7,7,2,1,1,5,5,2,2,5,5,6,7,6,6,6,4,7,6,2,5,3,2,4,5,3,5,3,3,3,1,5,3,2,5,5,6,5,5,2,65,65,70,65,70,70,2,4,4,2,4,7,2,1,1,1,1,,1,,24/11/2019 12:38,24/11/2019 12:49,0,86.91.63.37,100,669,1,24/11/2019 12:49,R_2rJzxiPKhV8KWrS
2,2,4.833333333,4.333333333,3.5,154,2,1,4,5,20,-99,Blanke nederlander,3,-99,2,-99,1,6,6,8,,"Er bestaan twee opvattingen over wat tolerantie inhoudt. De ene focus zich vooral op het bieden van vrijheid van uiting, zelfs a",6,6,7,6,2,2,7,6,2,2,5,4,6,5,5,6,6,4,7,5,2,7,2,3,5,6,2,2,2,2,4,1,3,2,5,2,6,6,6,3,1,77,73,54,76,77,76,2,4,2,2,4,7,1,1,1,1,1,,1,,21/11/2019 20:53,21/11/2019 21:13,0,77.166.254.206,100,1172,1,21/11/2019 21:13,R_3KTTmqOJLaSD4n6
2,0,4,4.833333333,3.6,19,1,1,2,6,23,-99,Blank,3,-99,2,-99,1,6,6,6,,,5,6,6,3,3,1,6,6,5,3,6,3,6,2,1,6,1,1,7,5,2,5,3,2,6,3,2,3,2,2,2,1,5,1,1,2,6,6,6,7,1,60,90,60,80,80,70,2,4,2,4,3,7,6,2,1,1,1,,,1,19/11/2019 23:41,19/11/2019 23:48,0,69.12.17.181,100,427,1,19/11/2019 23:48,R_3kAoPMNJ198a0ds
2,0,3.666666667,4.333333333,3.3,170,3,1,6,6,24,-99,Nederlandse,3,-99,2,-99,1,5,5,4,,,6,6,6,2,1,1,6,4,4,3,4,5,5,5,4,5,4,4,7,7,3,3,2,4,4,4,2,2,2,2,7,2,2,2,3,1,6,6,6,3,2,72,68,74,74,74,67,2,4,3,2,4,7,1,1,1,1,1,,,1,02/12/2019 13:15,02/12/2019 13:20,0,194.45.8.33,100,294,1,02/12/2019 13:20,R_1CxQImk7eVRmlqQ
2,0,5,4.333333333,4.9,221,3,1,7,3,22,-99,Indonesisch,3,-99,2,-99,5,5,8,2,,,5,3,6,4,7,5,4,6,5,4,4,3,6,6,3,5,5,5,7,5,2,1,2,5,4,2,4,5,3,2,4,1,5,5,6,5,6,6,6,6,3,27,41,18,75,65,22,3,3,2,4,4,7,6,1,1,1,1,,,1,02/12/2019 11:56,02/12/2019 12:11,0,213.127.29.124,100,925,1,02/12/2019 12:11,R_9KwaWP53pMBFpSx
1,1,4.333333333,4,3.3,52,1,1,5,6,20,-99,Nederlands,3,-99,2,-99,2,6,6,5,"Er zijn meerdere manieren om naar tolerantie te kijken, afhankelijk daarvan kom je bij verschillende definities",,6,6,6,5,2,1,6,4,2,2,4,6,2,2,2,2,2,2,6,5,2,6,2,6,4,5,2,2,2,2,6,2,2,2,2,2,5,6,6,5,1,40,50,50,40,80,50,1,5,2,2,5,7,2,2,2,2,1,1,,,22/11/2019 10:05,22/11/2019 10:44,0,145.97.181.44,100,2325,1,22/11/2019 10:44,R_3koWF1coafJfsvv
3,0,4.666666667,4.5,5,224,3,1,2,4,19,Non-Binair,Nederlandse,2,-99,2,-99,1,1,6,5,,,5,5,6,5,5,2,4,6,5,4,4,4,6,4,2,5,1,1,6,3,4,2,6,5,1,4,5,3,5,5,4,2,6,5,2,3,7,7,7,6,5,30,80,70,80,70,30,3,2,1,4,3,7,4,2,2,2,2,,,1,02/12/2019 14:33,02/12/2019 14:41,0,195.222.119.8,100,457,1,02/12/2019 14:41,R_1NlWOuOYvaxJK3J
2,1,4,4.166666667,3.4,42,1,1,2,6,21,-99,Nederlands,2,-99,2,-99,4,2,2,6,"Tolerantie kent meerdere definities, maar heeft te maken met het accepteren en respecteren van anderen die anders naar dingen ki",,7,7,7,1,1,1,6,5,2,2,6,4,6,4,4,5,4,2,7,6,1,6,2,3,5,3,2,2,2,2,4,1,3,4,4,2,1,6,5,5,3,80,85,85,85,85,80,2,4,2,3,6,6,1,1,1,1,1,1,,,21/11/2019 20:28,21/11/2019 20:38,0,31.21.3.52,100,599,1,21/11/2019 20:38,R_2AFty5polJ1SwB7
2,1,3.833333333,4,3.7,135,2,1,5,6,20,-99,Nederlandse,2,-99,2,-99,2,6,4,8,Het begrip tolerantie is nog niet gedefineerd omdat het op veel verschillende manieren kan worden opgevat. Het debat over de war,,6,6,6,2,2,1,6,2,5,2,6,3,3,3,3,3,3,2,6,6,2,5,2,3,5,5,3,3,3,3,5,1,3,2,2,3,6,6,6,6,2,61,76,67,72,66,69,2,4,2,2,4,7,2,2,2,2,2,1,,,24/11/2019 19:15,24/11/2019 19:23,0,213.127.13.22,100,512,1,24/11/2019 19:23,R_WAkA02tWpOvzIfT
2,0,4.333333333,4,3.4,171,3,1,5,6,26,-99,Nederlands,2,-99,2,-99,2,6,8,5,,,7,7,7,2,2,1,7,4,3,1,4,5,6,4,4,6,1,1,7,6,3,6,5,3,6,5,1,1,1,3,6,1,3,2,3,3,5,5,5,4,3,85,85,85,85,85,85,2,4,2,4,2,7,5,5,5,5,1,,,1,02/12/2019 13:22,02/12/2019 13:29,0,86.84.63.171,100,405,1,02/12/2019 13:29,R_vuGHqBG2dVbEGBP
1,1,4.666666667,4.333333333,4.3,36,1,1,1,4,21,-99,Nederlands,2,-99,2,-99,1,6,6,5,"Het artikel gaat over tolerantie, noemt de twee visies (openheid en acceptatie) van tolerantie en benoemt de voor- en nadelen va",,7,4,7,5,4,1,6,4,5,6,4,1,4,1,1,1,1,1,7,5,1,2,5,3,5,3,1,6,2,1,5,1,5,1,1,1,7,7,7,7,6,40,84,40,86,85,21,5,1,1,5,1,6,9,9,1,1,1,1,,,21/11/2019 18:24,21/11/2019 18:37,0,185.59.38.242,100,796,1,21/11/2019 18:37,R_6tnfmP6S6t2o28F
1,1,4.5,3.833333333,3.9,46,1,1,2,4,24,-99,Filipijns,2,-99,2,-99,3,5,5,5,Er zijn 2 opvattingen wat betreft het begrip tolerantie: sociaal-psychologisch & klassiek filosofisch. Tolerantie verbetert de k,,6,6,3,4,5,3,5,4,4,3,4,3,5,5,5,5,5,4,6,5,4,4,5,4,4,4,4,3,4,4,6,2,2,2,2,2,6,7,7,6,3,58,85,45,55,54,56,3,3,2,4,3,6,5,5,5,5,5,1,,,22/11/2019 00:06,22/11/2019 00:18,0,94.212.241.111,100,725,1,22/11/2019 00:18,R_2DRNhQC92a5aAwz
1,2,4.666666667,4.166666667,4.5,137,2,1,1,4,20,-99,kaukasisch,2,-99,2,-99,1,6,6,8,,tolerantie heeft slechts voordelen voor de maatschappij. Er zijn twee verschillende termen voor tolerantie waarbij de ene zich m,7,7,6,4,3,1,5,6,5,3,4,2,5,3,3,4,3,1,7,5,4,2,5,6,5,4,5,2,5,5,5,2,5,3,1,2,7,7,7,7,4,40,70,30,60,75,55,2,4,2,4,5,6,5,4,2,2,1,,1,,23/11/2019 17:16,23/11/2019 17:27,0,82.73.132.218,100,668,1,23/11/2019 17:27,R_OPdCi8BXuC4BhrX
1,0,3.333333333,3.666666667,4,30,1,1,1,5,20,-99,Nederlands,2,-99,2,-99,1,5,4,5,,,6,5,5,2,1,1,5,2,3,4,5,3,6,5,5,4,2,2,6,3,7,3,5,4,3,4,3,3,4,4,6,6,5,2,3,2,4,5,6,6,1,70,80,66,77,77,77,3,3,4,3,1,6,2,4,2,2,4,,,1,21/11/2019 16:50,21/11/2019 16:59,0,94.214.242.125,100,528,1,21/11/2019 16:59,R_9zuB07pUjhM0pqh
1,0,5.5,4.166666667,3.7,51,1,1,5,7,26,-99,Nederlands,2,-99,2,-99,2,6,6,6,,,7,7,5,5,3,6,7,4,3,3,4,4,,,,,,,7,7,1,4,1,5,7,4,2,2,3,3,5,1,3,3,3,1,6,7,6,5,2,80,80,80,80,80,80,2,4,4,2,2,7,6,6,6,6,1,,,1,22/11/2019 10:15,22/11/2019 10:33,0,87.208.6.91,100,1083,1,22/11/2019 10:33,R_2pXEGVz9viyw69f
2,1,5.166666667,4.666666667,3.8,1,1,1,6,6,21,-99,Nederlands,1,-99,2,-99,1,8,8,6,We denken aan tolerantie in hoeverre je iemand accepteert. Maar in hoeverre gebeurt dit nou werkelijk?,,7,7,6,5,4,2,6,5,4,2,6,5,6,6,5,6,4,3,6,6,1,6,3,3,5,6,2,2,2,2,5,2,3,2,2,3,6,6,6,6,2,53,100,47,71,70,40,3,4,2,4,4,7,5,5,5,5,2,1,,,19/11/2019 17:43,19/11/2019 17:49,0,134.114.101.52,100,392,1,19/11/2019 17:49,R_PUwMUHFnlRpVZTP
2,1,4.333333333,3.833333333,3.9,119,2,1,5,6,19,-99,Nederlands,1,-99,2,-99,1,5,4,6,Twee verschillende definities van tolerantie worden beschreven.,,7,6,6,2,3,2,7,3,2,1,6,4,6,5,6,5,3,5,7,5,1,5,1,1,5,2,2,1,1,1,2,2,5,2,4,2,7,6,5,5,1,91,96,72,92,92,87,1,5,3,4,5,8,1,1,1,1,1,1,,,20/11/2019 19:33,20/11/2019 20:26,0,145.133.93.209,100,3155,1,20/11/2019 20:26,R_3isAuCpF6bQFBqu
2,1,4,4.166666667,2.9,129,2,1,3,6,18,-99,Nederlands,1,-99,2,-99,4,2,2,3,"Tolerantie kent verschillende uitgangspunten, waarbij er 2 verschillende kanten kunnen worden onderscheiden. hierbij gaat het om",,7,7,7,1,1,1,7,2,1,1,7,7,6,6,6,6,4,4,7,7,2,6,2,4,5,3,1,1,1,1,5,1,2,1,2,1,6,6,5,4,1,80,100,80,86,81,65,1,5,3,2,5,6,1,1,1,1,1,1,,,24/11/2019 23:06,24/11/2019 23:15,0,86.92.81.117,100,553,1,24/11/2019 23:15,R_2ayLPKqZX9JXHkH
2,1,4.166666667,4.166666667,2.8,59,1,1,3,6,22,-99,Nederlandse,1,-99,2,-99,1,6,6,8,Tolerantie kan voor veel mensen verschillende dingen betekenen. Uiteindelijk zorgt meer tolerantie voor een betere gemoedstoesta,,7,7,6,2,2,1,7,2,1,1,7,7,2,2,2,2,2,1,7,7,1,6,1,5,5,5,1,1,1,1,7,1,1,1,1,1,6,6,6,4,1,62,77,62,62,67,52,1,4,2,3,4,7,1,1,1,1,1,1,,,22/11/2019 22:35,22/11/2019 22:43,0,94.215.37.244,100,480,1,22/11/2019 22:43,R_1OoSpW46Vki0f1r
2,1,3.833333333,4.166666667,3.3,216,3,1,5,6,38,-99,Nederlands,1,-99,2,-99,1,5,5,8,Tolerantie is goed voor je. Het verlaagt stress en maakt je creatiever.,,6,6,6,2,2,1,7,2,3,2,6,5,6,6,6,6,5,3,7,7,2,7,2,2,6,4,3,3,5,3,3,2,3,3,3,3,4,5,5,3,2,65,65,58,70,65,68,2,4,2,2,3,7,2,2,1,1,1,1,,,02/12/2019 11:43,02/12/2019 11:49,0,91.206.81.7,100,376,1,02/12/2019 11:49,R_2wuhN4THufVW4yE
2,1,4.666666667,4.333333333,3.6,64,1,1,3,6,23,-99,Nederlands,1,-99,2,-99,1,5,5,5,Tolerantie heeft twee betekenissen: iedereen in z'n waarde laten en het eens zijn dat iedereen dat doet of accepteren hoewel je ,,7,6,6,3,3,3,6,5,4,2,5,4,4,4,4,4,4,4,7,6,2,5,5,5,5,4,3,3,3,3,6,1,4,3,2,3,6,6,6,3,2,80,80,80,92,80,93,2,3,2,2,4,7,1,1,1,1,1,1,,,23/11/2019 23:28,23/11/2019 23:44,0,89.205.227.2,100,957,1,23/11/2019 23:44,R_3HpEVLK3XnUWR3g
2,1,3.666666667,3.5,3.4,165,2,1,3,6,20,-99,Nederlands,1,-99,2,-99,3,5,5,5,Tolerantie heeft twee betekenissen: het open staan nieuwe culturen te leren kennen of het toestaan van gedrag waarmee je het eig,,5,6,3,3,3,2,6,2,3,2,4,4,5,5,2,3,2,2,6,6,2,6,3,5,5,4,2,2,2,2,3,2,3,2,4,2,5,6,5,3,2,62,80,65,79,71,58,2,4,2,3,4,7,2,1,1,1,1,1,,,21/11/2019 10:49,21/11/2019 11:05,0,109.32.158.90,100,977,1,21/11/2019 11:05,R_279fWqunhFFuL1X
2,1,4.166666667,3.666666667,4.5,112,2,1,5,6,18,-99,nederlands,1,-99,2,-99,1,6,4,6,"tolerantie heeft twee betekenissen, aan de ene kant openstaan voor andere culturen/normen waarden, aan de andere kant andere acc",,7,7,6,2,2,1,7,2,3,1,5,4,6,5,6,3,5,3,6,5,2,7,4,3,5,4,1,1,1,1,5,3,5,2,3,3,7,7,7,5,3,78,90,79,80,80,76,2,4,2,3,5,6,2,2,2,2,2,1,,,02/12/2019 17:12,02/12/2019 17:21,0,94.212.44.166,100,551,1,02/12/2019 17:21,R_Do6CPqOMgkD3wt3
2,1,4.333333333,3.5,2.6,101,2,1,2,5,18,-99,Nederlands,1,-99,2,-99,1,5,4,5,Tolerantie bestaat uit acceptatie tegenover andere culturen en levensstijlen maar er zelf niet mee eens zijn en uit het geen voo,,7,7,3,6,2,1,6,1,2,2,6,4,6,4,3,6,3,2,7,4,3,5,2,2,3,6,2,2,2,2,2,1,2,2,1,2,5,4,5,3,1,68,75,70,72,70,70,2,4,2,2,3,7,2,1,1,1,1,1,,,24/11/2019 10:33,24/11/2019 10:53,0,77.172.63.241,100,1211,1,24/11/2019 10:53,R_1ikxsFjMrRfmBZd
2,1,3.666666667,4.166666667,4.1,146,2,1,2,5,18,-99,Nederlands,1,-99,2,-99,5,8,2,5,Leven aan de hand van tolerantie leidt tot positieve gemoedstoestand en helpt ons op innerlijke conflicten te verminderen en dus,,6,5,6,2,2,1,6,3,2,3,6,5,5,5,5,5,5,2,6,5,2,3,3,5,5,5,2,2,2,,5,3,5,3,3,2,6,6,6,5,2,60,80,55,73,60,55,2,4,2,4,4,6,4,2,2,2,2,1,,,21/11/2019 12:20,21/11/2019 12:32,0,143.179.96.133,100,734,1,21/11/2019 12:32,R_bEf0rpjdASN0kpP
2,1,4.666666667,4,3.5,113,2,1,2,6,18,-99,Nederlands,1,-99,2,-99,1,6,4,5,"Je hebt twee verschillende definities van tolerantie. Tolerantie heeft veel positieve gevolgen voor mensen, zoals onder andere e",,7,7,7,2,4,1,7,1,3,2,6,5,5,6,6,5,3,4,6,6,2,4,5,3,6,6,3,3,3,3,5,2,3,2,2,3,5,6,5,5,2,73,72,63,79,81,63,2,4,3,2,3,7,1,1,1,1,1,1,,,24/11/2019 11:39,24/11/2019 11:52,0,82.74.16.133,100,747,1,24/11/2019 11:52,R_2QXQGreV5EhPNvV
2,1,4.166666667,4.166666667,4.3,131,2,1,2,4,19,-99,Nederlands,1,-99,2,-99,2,8,4,5,"Het is niet precies duidelijk wat het begrip 'tolerantie' precies inhoudt. Tolerant zijn is goed voor je gezondheid, omdat het v",,6,3,3,5,5,3,5,5,5,4,4,2,4,4,2,2,2,2,2,2,5,2,3,5,1,2,3,3,3,3,3,2,4,3,4,3,5,6,6,6,4,60,80,60,70,60,60,4,2,4,4,2,7,5,5,5,5,5,1,,,21/11/2019 13:25,21/11/2019 13:37,0,145.90.135.167,100,700,1,21/11/2019 13:37,R_1NxFPQ6PtoruGFB
2,1,4.166666667,3.5,3.4,167,2,1,5,5,20,-99,Nederlandse,1,-99,2,-99,2,6,6,8,"Het begrip tolerantie kan op twee manier opgevat worden, daarnaast wordt aangegeven dat het toepassen van tolerantie voor persoo",,6,5,6,2,4,2,6,2,2,3,5,3,4,5,5,5,2,2,5,2,5,1,5,7,5,5,4,4,4,4,6,1,4,3,3,3,5,5,5,3,2,65,85,70,90,86,60,2,4,1,4,4,6,2,2,5,5,1,1,,,21/11/2019 18:01,21/11/2019 18:16,0,80.115.96.82,100,947,1,21/11/2019 18:17,R_cVbPoZQ2goJW7OF
2,1,4,4.833333333,4.4,23,1,1,3,5,24,-99,Nederlands,1,-99,2,-99,2,5,4,3,Het begrip tolerantie heeft verschillende betekenissen vanuit verschillende opvattingen. In ons dagelijks leven kan tolerantie b,,6,3,5,3,4,3,6,4,3,4,6,6,5,5,4,6,5,4,6,6,3,5,5,5,5,6,3,4,5,5,4,4,3,4,4,5,4,6,6,4,4,58,86,42,67,85,44,4,3,2,3,3,6,6,2,2,4,1,1,,,20/11/2019 10:24,20/11/2019 10:36,0,89.134.121.176,100,729,1,20/11/2019 10:36,R_3lWWRSiECJmOtxh
2,1,3.666666667,3.5,3.3,10,1,1,1,4,22,-99,Nederlands,1,-99,2,-99,1,6,6,5,Het artikel geeft aan dat er twee verschillende definities zijn voor tolerantie waarbij de eerste definitie het zonder vooroorde,,7,6,6,1,1,1,6,1,3,1,6,4,2,6,5,2,4,2,6,6,1,2,5,6,6,4,2,3,5,5,5,2,2,2,4,2,6,6,5,2,2,71,85,70,84,76,66,2,3,2,2,3,7,2,1,1,1,1,1,,,19/11/2019 19:33,19/11/2019 20:00,0,213.127.53.72,100,1628,1,19/11/2019 20:00,R_3dS0PxbX79awx9Q
2,1,4.5,3.5,2.4,169,3,1,3,6,32,-99,Nederlands (blank),1,-99,2,-99,1,6,8,5,Er zijn wetenschappelijk gezien twee verschillende manieren om het begrip tolerantie te definiëren. Tolerantie heeft positieve ,,5,7,7,3,4,1,6,2,1,1,5,6,5,5,5,5,3,1,6,6,2,6,1,3,6,7,2,2,2,2,5,1,2,2,2,1,3,5,5,2,1,70,70,70,70,70,70,1,4,3,2,6,6,1,1,1,1,1,1,,,02/12/2019 13:08,02/12/2019 13:18,0,192.87.11.153,100,595,1,02/12/2019 13:18,R_2X69BLndfkRh2N7
2,1,4,4,3,55,1,1,6,7,27,-99,Nederlands,1,-99,2,-99,1,6,6,4,Er zijn verschillende definities van tolerantie en over het algemeen heeft multiculturele omgang met anderen positieve uitwerkin,,7,7,5,2,1,2,7,1,1,1,7,7,4,3,2,2,1,1,7,7,2,7,1,1,5,4,1,1,1,1,1,1,1,1,1,3,6,6,6,4,1,80,80,80,80,80,80,1,4,3,2,5,8,1,1,1,1,1,1,,,22/11/2019 11:28,22/11/2019 11:43,0,139.80.253.0,100,863,1,22/11/2019 11:43,R_31n4wSE83ossdpU
2,1,3.5,4.166666667,4.8,99,2,1,3,4,22,-99,Nederlands,1,-99,2,-99,1,6,6,8,"Er zijn twee verschillende opvattingen over het omgaan van verschillen onder de mensen, je kunt het accepteren en toch je eigen ",,7,5,2,2,4,1,6,5,5,2,6,1,4,4,4,4,4,4,7,6,1,5,3,4,6,5,4,5,5,5,5,1,5,3,5,5,7,7,7,5,3,70,70,70,70,70,70,3,3,2,5,2,7,8,5,5,5,5,1,,,22/11/2019 21:07,22/11/2019 21:24,0,23.82.10.117,100,1018,1,22/11/2019 21:24,R_YbpyFXRqsKgluSZ
2,1,4.166666667,3.833333333,4,33,1,1,6,6,53,-99,Nederlands,1,-99,2,-99,2,4,5,6,"Er zijn twee manieren om tolerantie te definiëren. Het blijkt dat tolerante mensen beter in hun vel zitten, minder stress ervar",,6,6,5,3,4,1,7,2,1,2,7,4,6,6,6,6,5,4,7,4,3,6,4,4,6,4,3,3,3,2,4,3,3,4,3,4,5,6,5,5,2,73,79,64,65,61,53,2,4,3,2,4,6,4,2,2,2,2,1,,,21/11/2019 17:48,21/11/2019 18:00,0,82.72.220.96,100,711,1,21/11/2019 18:00,R_8GpQQsIdoTl44iB
2,1,3.5,3.333333333,4.2,108,2,1,2,6,19,-99,Chinees,1,-99,2,-99,1,6,5,5,Er zijn twee hoofddefinities van tolerantie: het openstaan voor andere culturen (bijv. mensen leren kennen en eten proeven) en h,,2,3,4,5,6,1,3,3,3,5,4,2,3,2,1,3,1,2,7,5,5,4,6,6,5,4,5,2,4,4,5,2,3,2,4,2,7,7,6,6,3,61,78,53,67,62,49,4,2,2,4,4,4,4,2,1,1,1,1,,,22/11/2019 21:45,22/11/2019 22:01,0,62.45.112.159,100,958,1,22/11/2019 22:01,R_0djV6II6xs4RJuh
2,1,4.166666667,4.5,3.5,203,3,1,2,6,24,-99,Chinees,1,-99,2,-99,2,5,5,5,Er zijn twee algemene betekenissen van tolerantie. Tolerantie hebben is goed voor een levensstijl.,,7,6,7,2,2,1,7,2,4,2,6,6,5,5,4,6,4,3,7,6,2,7,4,2,4,4,1,1,1,1,6,1,2,1,4,2,6,6,6,6,1,70,80,70,80,70,55,1,5,2,3,4,7,2,1,1,1,1,1,,,02/12/2019 10:55,02/12/2019 11:09,0,137.224.252.28,100,817,1,02/12/2019 11:09,R_1hyFbXJ5QSdI5en
2,1,4.333333333,4,3.8,147,2,1,5,6,18,-99,autochtoon nederlands,1,-99,2,-99,1,6,5,5,"Er zijn meerdere opvattingen over wat tolerantie is, en hier wordt al jaren over gedebatteerd. Wetenschappelijk onderzoek geeft ",,5,6,6,3,4,2,7,2,2,2,6,5,7,6,6,7,5,3,7,6,2,3,3,2,6,5,1,1,2,2,5,1,2,3,4,2,6,6,5,6,3,65,75,50,70,65,50,4,2,2,4,5,6,1,1,1,1,1,1,,,01/12/2019 11:48,01/12/2019 12:09,0,62.45.101.42,100,1258,1,01/12/2019 12:09,R_1IRFJrFSnO6Hszb
2,1,3.833333333,3.166666667,3.9,138,2,1,4,6,18,-99,Nederlands,1,-99,2,-99,1,5,6,5,Er zijn 2 soorten tolerantie. 1 Waarbij je anderen accepteert zonder en mee eens te zijn en 1 waarbij je een andere cultuur prob,,6,4,5,2,4,2,6,2,3,2,2,4,5,6,5,4,4,2,5,3,3,3,5,5,4,4,2,2,2,2,5,2,5,2,4,2,6,6,5,4,3,50,99,40,60,55,30,2,4,1,2,3,7,4,2,2,2,1,1,,,28/11/2019 15:48,28/11/2019 16:02,0,94.213.140.121,100,880,1,28/11/2019 16:02,R_7PNcRaPAkeHFwSB
2,1,4.333333333,3.5,5.9,20,1,1,2,2,23,-99,Nederlands,1,-99,2,-99,2,6,5,6,Er zijn 2 soorten tolerantie,,6,5,5,2,5,3,2,6,5,5,2,1,5,6,4,3,3,1,6,5,2,4,7,5,2,5,6,5,6,4,5,2,7,6,5,5,7,7,7,7,6,9,92,37,77,72,10,4,2,2,4,2,6,8,6,6,8,2,1,,,20/11/2019 08:13,20/11/2019 08:27,0,143.179.28.4,100,843,1,20/11/2019 08:27,R_b4bIujN7QtzvgJz
2,1,4,4.5,4.5,196,3,1,2,5,41,-99,Nederlands/blank,1,-99,2,-99,1,5,6,8,"Er worden twee manieren beschreven waarop tolerantie bekeken kan worden, de klassiek-filosofische en de sociaal-psychologische. ",,5,6,5,3,3,2,7,5,4,3,5,3,5,7,5,5,3,1,7,5,2,3,2,6,6,3,1,1,1,1,1,1,5,3,6,5,6,7,7,2,3,46,70,30,65,65,50,4,3,2,4,2,8,1,1,1,1,1,1,,,02/12/2019 10:36,02/12/2019 10:52,0,86.83.44.252,100,946,1,02/12/2019 10:52,R_3COhl8TCIbbsueF
2,1,4.5,3.666666667,5,111,2,1,3,4,19,-99,Nederlands,1,-99,2,-99,1,6,5,6,"Er is een sociaal-psychologische kant van tolerantie, dit is dat je men toestaat en hetzelfde kijkt naar mensen en dat dit ook h",,7,3,6,3,6,2,6,2,6,2,4,2,3,3,3,5,2,3,5,3,3,5,5,6,4,4,1,1,2,1,3,3,5,3,6,2,6,7,7,6,5,41,90,21,71,96,69,4,2,2,4,2,7,5,2,2,2,1,1,,,21/11/2019 14:13,21/11/2019 14:27,0,86.91.113.19,100,884,1,21/11/2019 14:27,R_1rjKqjMltvjTcvF
2,1,4.166666667,4.333333333,3,100,2,1,3,4,19,-99,nederlands,1,-99,2,-99,1,5,4,5,er is een lopende discussie omtrent tolerantie toegepast op diverse velden. tolerantie gaat erom dat je vooroordelen opzij legt ,,7,7,7,2,1,1,7,2,5,2,6,4,6,5,3,5,4,4,6,6,1,4,5,4,6,6,1,4,1,1,2,2,2,2,2,2,5,5,4,5,1,80,80,50,30,80,40,2,4,3,2,7,7,1,1,1,1,1,1,,,21/11/2019 16:14,21/11/2019 16:23,0,145.90.157.201,100,577,1,21/11/2019 16:23,R_2X7hZpBAV4pDAuK
2,1,3.5,3.833333333,4.6,157,2,1,5,6,19,-99,Nederlands,1,-99,2,-99,4,4,3,5,Er is de afgelopen jaren veel discussie over wat tolerantie is. Hoe uit zich dit? Weinig tolerantie gaat samen met een verslecht,,4,5,5,2,3,2,5,5,3,3,4,3,5,4,4,5,4,5,6,5,3,3,4,5,5,5,5,4,5,5,5,2,5,4,4,4,6,6,6,6,3,65,90,54,80,60,60,3,4,2,4,2,6,2,2,2,2,2,1,,,22/11/2019 15:38,22/11/2019 15:48,0,145.129.206.194,100,622,1,22/11/2019 15:48,R_ReQYqQlLof0WqWt
2,1,4,4.333333333,3.1,176,3,1,5,5,29,-99,Nederlands,1,-99,2,-99,1,6,6,5,De positieve impact van tolerantie op het individu dat zich tolerant opstelde.,,6,6,6,2,2,2,6,4,3,3,5,5,6,6,6,6,5,4,6,6,2,6,2,3,5,4,2,2,2,2,6,2,2,2,3,2,5,5,5,3,2,52,52,52,51,52,52,2,4,3,3,5,6,2,2,2,2,1,1,,,02/12/2019 11:08,02/12/2019 11:15,0,31.161.221.116,100,395,1,02/12/2019 11:15,R_Q4ULt9UdIXmTz4l
2,1,4.666666667,4,2.9,102,2,1,6,7,18,-99,Nederlandse,1,-99,2,-99,3,8,2,5,-99,,7,7,7,1,1,5,7,1,1,1,7,7,5,5,5,6,6,6,7,6,2,6,2,3,5,5,1,1,1,1,3,1,1,1,1,1,6,6,6,5,1,75,75,76,75,76,73,1,5,2,3,4,7,1,1,1,1,1,1,,,20/11/2019 18:48,20/11/2019 19:04,0,77.164.42.110,100,971,1,20/11/2019 19:04,R_rfnpoJtkJw2PFsJ
2,2,4,4.166666667,3.3,178,3,1,3,6,19,-99,Nederlandse,1,-99,2,-99,2,4,2,3,,Voor tolerantie zijn verschillende betekenissen. Uiteindelijk kan tolerantie toegevoegde waarde leveren voor onder andere de eco,7,5,5,3,3,1,7,2,4,2,6,4,5,5,3,4,2,2,7,4,1,5,4,3,4,4,1,2,2,2,6,1,3,1,2,2,6,6,5,5,2,60,60,60,58,60,52,2,4,1,2,2,5,1,1,1,1,1,,1,,02/12/2019 14:19,02/12/2019 14:26,0,213.127.31.181,100,434,1,02/12/2019 14:26,R_AdgG5FiwLlxytIB
2,2,4.333333333,4.166666667,4.6,75,1,1,1,4,67,-99,nederlands,1,-99,2,-99,1,6,6,6,,"Tolerantie, sociaal-psychologisch of klassiek-filosofisch, draagt bij aan een veilige, harmonieuze samenleving.",5,5,6,6,2,2,6,2,5,2,6,4,4,4,2,4,2,2,5,5,5,4,7,6,4,3,4,4,4,4,2,4,5,2,5,2,6,6,6,6,4,66,100,54,91,62,82,4,2,3,3,2,7,2,2,2,2,2,,1,,02/12/2019 18:40,02/12/2019 19:28,0,83.87.100.229,100,2916,1,02/12/2019 19:28,R_1C2xiqo4JS2LTI2
2,2,4,4.333333333,4.3,53,1,1,7,7,49,-99,Nederlands,1,-99,2,-99,1,6,6,6,,Tolerantie wordt beschreven in 2 definities.  Openstaan voor anderen en de bereidheid zelf ook 'vreemde zaken uit te proberen. O,7,7,7,1,1,1,7,2,2,1,7,7,7,7,4,4,1,4,7,7,1,2,1,5,7,7,1,1,1,1,4,1,5,1,6,1,7,7,7,7,1,91,88,90,88,84,83,1,5,2,1,7,5,1,1,1,1,1,,1,,22/11/2019 10:45,22/11/2019 10:57,0,87.209.249.97,100,747,1,22/11/2019 10:57,R_zcoQCtbBOVzowPT
2,2,4.333333333,3.833333333,3.8,93,2,1,1,6,21,-99,Nederlandse,1,-99,2,-99,1,6,6,5,,Tolerantie kan worden opgevat op twee manieren: tolerant in de zin dat men open kan zijn; tolerant in de zin dat men elkaars doe,6,6,6,3,3,2,7,2,2,2,6,4,4,5,4,4,4,4,7,6,2,6,3,3,6,4,2,2,2,2,5,2,5,3,4,2,5,6,5,4,2,80,90,80,80,80,90,2,4,2,2,4,6,2,2,2,2,2,,1,,22/11/2019 00:15,22/11/2019 00:34,0,213.127.105.66,100,1127,1,22/11/2019 00:34,R_cGVbk84X9DMJk6B
2,2,4.166666667,5.166666667,3.3,115,2,1,2,4,19,-99,Nederlandse,1,-99,2,-99,4,2,2,5,,Tolerantie kan op twee manieren worden opgevat: als het accepteren van anderen hun gewoontes zonder hier zelf perse achter te st,7,7,7,2,1,1,7,5,5,2,6,6,6,5,2,6,2,5,7,7,1,5,5,6,7,5,3,5,5,5,3,1,2,2,1,2,6,6,6,6,1,82,82,82,82,82,82,2,4,2,4,4,7,1,1,1,1,1,,1,,24/11/2019 14:01,24/11/2019 14:18,0,77.172.224.4,100,995,1,24/11/2019 14:18,R_1DJ91UL6TNShUYx
2,2,4.666666667,3.666666667,5.3,183,3,1,5,3,34,-99,Kaukasisch,1,-99,2,-99,1,6,6,6,,"Tolerantie is van groot belang voor een veilige harmonieuze samenleving, en belangrijk dat iedereen zich deel voelt van deze sam",2,2,6,7,7,4,3,3,5,5,3,3,3,3,3,2,2,2,4,4,4,1,5,7,1,2,4,5,4,4,4,1,6,5,5,6,6,6,6,6,6,19,79,69,65,62,22,5,1,1,5,1,5,6,6,6,6,2,,1,,02/12/2019 13:19,02/12/2019 13:44,0,84.86.146.76,100,1474,1,02/12/2019 13:44,R_24l9oHdcCmmJ7hE
2,2,4.666666667,3.333333333,4.5,148,2,1,2,4,18,-99,Nederlands,1,-99,2,-99,1,2,3,6,,Tolerantie is het opzij zetten van je eigen mening om een ander zijn of haar leven te laten leiden. Er is sprake van een sociaal,6,6,5,3,5,3,4,4,2,2,4,4,6,5,3,5,4,2,6,4,3,3,5,5,3,4,4,5,5,5,3,3,4,3,4,4,6,6,5,5,5,38,93,42,48,45,49,4,2,2,4,3,6,5,5,5,5,5,,1,,21/11/2019 16:22,21/11/2019 16:32,0,82.73.166.66,100,581,1,21/11/2019 16:32,R_cNiONdwy3p1hZlL
2,2,4.333333333,4.166666667,4.4,24,1,1,4,6,24,-99,Nederlands,1,-99,2,-99,2,4,3,5,,"Tolerantie is een ruim begrip, er bestaand twee algemene betekenissen van het woord Tolerantie.",6,6,5,3,4,2,6,5,2,2,5,5,5,4,4,6,4,2,6,5,1,3,1,4,5,4,3,3,3,3,6,2,5,3,3,4,7,7,7,4,2,61,79,45,54,53,56,2,4,3,3,6,6,5,5,5,4,2,,1,,20/11/2019 10:32,20/11/2019 10:40,0,31.149.191.132,100,474,1,20/11/2019 10:40,R_YaAmMHY7pW4dLON
2,2,4.833333333,3.666666667,3.9,4,1,1,5,3,55,-99,Ned,1,-99,2,-99,4,6,4,8,,Tolerantie is een begrip dat je kunt aanleren.mits je er de tijd voor krijgt.Zonder je eigenheid te hoeven opgeven.,6,4,6,6,4,3,4,4,4,4,3,3,3,3,2,4,2,2,5,5,2,4,2,5,5,6,5,5,4,4,5,2,3,2,2,4,5,5,6,5,5,37,45,44,69,70,40,4,2,3,4,2,7,6,2,2,2,2,,1,,19/11/2019 18:15,19/11/2019 18:45,0,82.173.204.62,100,1789,1,19/11/2019 18:45,R_2YhrJHUEJ25iH9S
2,2,4.5,4.333333333,4.2,199,3,1,5,6,23,-99,Nederlands,1,-99,2,-99,1,6,5,6,,Tolerantie is belangrijk want eenheid is goed om discriminatie en haat tegen te gaan. Daarnaast is het goed voor de economie.,6,6,6,2,6,1,5,5,3,5,6,2,3,3,4,3,3,2,7,5,2,5,2,5,5,6,1,1,1,1,5,1,5,3,1,5,7,7,6,5,2,51,80,61,71,70,63,1,5,1,3,4,7,1,1,1,1,1,,1,,02/12/2019 11:30,02/12/2019 11:37,0,145.88.209.33,100,433,1,02/12/2019 11:37,R_2wNCddX3X5rMXH4
2,2,3.833333333,3.833333333,3.8,132,2,1,2,5,18,-99,Nederlands,1,-99,2,-99,1,5,5,5,,Tolerantie is belangrijk voor eenheid in de samenleving en het zorgt voor minder conflict. Over de definitie van tolerantie word,6,6,6,2,2,1,5,2,5,2,6,3,5,5,4,5,5,2,7,6,2,4,5,4,5,4,5,4,5,5,4,2,2,2,4,2,6,6,6,6,2,70,90,70,70,70,70,2,4,2,2,3,6,2,2,2,2,2,,1,,20/11/2019 16:47,20/11/2019 17:12,0,213.127.35.46,100,1494,1,20/11/2019 17:12,R_5u9P3ywRjqbZAkN
2,2,4,4,3.3,34,1,1,6,6,21,-99,Nederlandse,1,-99,2,-99,2,6,5,8,,Tolerantie is belangrijk als lijm voor de samenleving en gaat over het accepteren van de gewoonten van anderen,7,6,6,2,2,1,7,2,2,2,7,4,5,4,4,4,4,4,7,5,3,6,2,4,7,5,2,2,2,2,4,1,3,2,2,2,5,6,5,5,2,77,81,65,77,78,78,2,4,3,2,6,7,2,1,1,1,1,,1,,21/11/2019 18:10,21/11/2019 18:24,0,35.214.245.87,100,821,1,21/11/2019 18:24,R_27qjWCsTdrTExol
2,2,3.666666667,4.5,3.6,104,2,1,3,6,29,-99,nederlands,1,-99,2,-99,1,6,6,2,,"Tolerantie heeft verschillende definities, oa dat je anderen en hun gebruiken moet accepteren, ook als ze je tegenstaan",4,6,6,2,2,2,7,5,2,1,6,6,4,4,4,4,4,4,7,6,2,6,2,3,6,5,1,1,1,1,5,1,2,2,4,2,7,6,6,5,1,78,78,72,78,78,80,2,4,3,2,7,6,1,1,1,1,1,,1,,21/11/2019 11:18,21/11/2019 11:25,0,145.90.182.108,100,394,1,21/11/2019 11:25,R_1gUWaRJIvRC1qls
2,2,4.833333333,3.333333333,4.2,156,2,1,2,5,18,-99,Nederlands,1,-99,2,-99,1,6,4,5,,Tolerantie heeft grofweg twee betekenissen: open staan voor anderen en hun cultuur en gebruiken (bijv. op vakantie) en normen en,6,6,6,4,5,2,5,2,3,2,5,3,5,6,6,5,4,3,6,5,2,4,3,5,4,5,2,2,3,2,5,2,5,2,3,4,6,6,6,6,2,41,50,41,43,44,44,3,3,4,2,2,6,6,2,2,4,2,,1,,23/11/2019 10:59,23/11/2019 11:10,0,217.121.80.170,100,663,1,23/11/2019 11:10,R_1BRhzbOGUV1TBwi
2,2,4.5,4.166666667,3.9,225,3,1,5,4,29,-99,Chinees,1,-99,2,-99,4,6,5,4,,"Tolerantie heeft 2 betekenissen, de klassiek-filosofische opvatting en de moderne opvatting. Om een samenleving te laten slagen,",6,6,5,4,4,2,6,4,4,3,5,3,5,5,5,5,5,5,7,6,2,7,4,4,6,6,3,3,3,3,4,1,2,2,6,3,4,6,6,5,4,45,36,30,44,51,39,3,3,2,3,3,7,5,5,5,5,5,,1,,02/12/2019 10:34,02/12/2019 10:44,0,86.85.17.43,100,567,1,02/12/2019 10:44,R_TehmUiiYo3dyGyt
2,2,4.666666667,4.166666667,3.9,8,1,1,2,6,62,-99,Nederlands,1,-99,2,-99,1,5,4,5,,Tolerantie draagt bij aan een goede samenleving ook economisch gezien.,6,6,6,5,3,2,4,4,4,2,6,5,6,5,5,5,4,4,7,6,2,4,5,3,6,5,2,2,2,2,5,2,4,4,4,2,5,6,5,5,2,82,92,82,82,83,83,2,4,2,2,4,6,1,1,1,1,1,,1,,19/11/2019 19:15,19/11/2019 19:36,0,82.74.65.82,100,1266,1,19/11/2019 19:36,R_2E4e0w6aaVUD1ki
2,2,4.5,4.5,4.5,18,1,1,6,6,23,-99,Nederlands,1,-99,2,-99,2,2,8,6,,Oh sorry ik heb het niet gelezen en wist niet hoe ik terug moest haha,3,6,6,5,6,1,7,4,4,5,5,2,4,4,4,4,4,4,6,4,2,2,6,4,6,5,5,1,4,2,3,1,4,2,5,6,5,7,6,6,3,75,88,36,,50,75,4,4,2,3,3,4,5,1,2,2,1,,1,,19/11/2019 22:11,19/11/2019 22:21,0,92.111.195.179,100,648,1,19/11/2019 22:21,R_1iaLI36C57TyKBU
2,2,5.666666667,4.5,3.8,12,1,1,5,7,27,-99,Nederlands,1,-99,2,-99,1,6,6,5,,"Oeps, te snel doorgeklikt. Ik wist niet dat ik niet meer terug kon naar de vorige vraag.",7,6,5,6,4,6,6,6,4,2,6,3,6,6,6,6,6,6,6,6,5,5,4,5,5,5,1,1,1,1,4,2,2,2,4,1,6,6,6,6,3,70,70,52,56,78,73,2,2,2,4,4,4,4,2,1,1,1,,1,,19/11/2019 20:09,19/11/2019 20:36,0,109.37.139.87,100,1638,1,19/11/2019 20:36,R_2dm5VU498aTRNK9
2,2,4,4,2.4,45,1,1,3,6,26,-99,Nl,1,-99,2,-99,4,5,5,6,,Je kan tolereren door iets te gedogen maar het niet te accepteren of te tolereren en accepteren in 1. Als je mensen niet accepte,7,7,7,1,1,1,7,1,1,1,7,7,5,6,6,4,2,1,7,7,1,6,4,2,7,4,1,1,1,1,5,1,1,1,4,1,4,5,5,1,1,100,100,100,100,100,100,1,5,2,1,6,6,1,1,1,1,1,,1,,21/11/2019 23:41,21/11/2019 23:50,0,82.72.123.16,100,525,1,21/11/2019 23:50,R_4OrkQQIFXmhWud3
2,2,4.333333333,4,2.7,160,2,1,2,6,19,-99,Kaukasisch/blank,1,-99,2,-99,1,5,5,5,,"Jarenlang zijn er al verschillende opvattingen over de definitie van tolerantie, maar het belangrijkste is nog wel wat het nut i",7,7,6,2,3,1,7,1,3,2,6,5,7,6,6,7,4,4,7,6,2,6,3,3,6,4,2,1,1,1,5,1,2,1,2,2,5,5,4,3,2,75,75,75,80,75,75,2,4,2,2,4,7,4,1,1,1,1,,1,,20/11/2019 14:25,20/11/2019 14:37,0,82.173.76.13,100,743,1,20/11/2019 14:37,R_6fhkcVGF5bYTF1n
2,2,4.166666667,4,3.8,142,2,1,3,4,19,-99,Nederlands,1,-99,2,-99,2,5,5,5,,In het nieuwsartikel wordt de betekenis van het begrip tolerantie besproken en de belangrijke plaats die het inneemt in de samen,7,7,6,2,1,2,7,2,3,2,6,4,7,6,5,6,5,4,7,6,2,3,2,3,5,4,1,1,1,1,3,2,4,2,4,2,6,6,5,5,2,75,85,60,75,75,85,2,4,2,3,2,7,1,1,1,1,1,,1,,21/11/2019 13:15,21/11/2019 13:26,0,129.125.156.144,100,655,1,21/11/2019 13:26,R_cvHVI9tRZlUe0xP
2,2,5,4,4.4,32,1,1,6,6,23,-99,Nederlandse,1,-99,2,-99,1,5,8,5,,Het gaat over de twee verschillende definities van het woord tolerantie. Tolerantie is belangrijk voor een samenleving.,5,6,6,4,6,3,5,3,5,4,4,3,3,4,3,5,4,3,6,4,3,4,5,4,5,4,5,3,3,3,3,2,4,4,2,4,6,6,5,6,5,40,90,15,75,60,35,2,4,2,5,4,7,4,2,2,2,2,,1,,21/11/2019 17:23,21/11/2019 17:39,0,143.179.54.234,100,932,1,21/11/2019 17:39,R_6RJU4qFHpP7TLmV
2,2,4,4,3.1,128,2,1,5,6,18,-99,nederlands,1,-99,2,-99,4,4,4,5,,het artikel legt de verschillende definities van tolerantie uit.,6,6,6,2,2,2,6,3,3,3,5,4,5,4,4,5,4,4,6,6,3,4,,4,5,5,4,4,4,4,5,2,2,2,2,2,5,5,5,4,2,51,52,51,51,51,51,3,3,3,3,4,6,1,1,1,1,1,,1,,21/11/2019 15:08,21/11/2019 15:32,0,145.97.155.45,100,1415,1,21/11/2019 15:32,R_3QJnExhn2pFjb7X
2,2,4.166666667,4,4,110,2,1,2,5,20,-99,Nederlands,1,-99,2,-99,1,5,5,8,,"Het artikel gaat over tolerantie, volgens het artikel zijn er twee verschillende visies wat tolerantie is. Tolerantie in een sam",5,6,5,5,2,2,6,4,4,2,4,4,6,5,4,4,4,2,6,6,2,4,3,4,4,4,2,3,3,2,3,2,4,2,4,2,6,6,6,6,2,70,70,70,70,70,70,2,4,4,2,6,6,2,2,2,2,2,,1,,29/11/2019 13:29,29/11/2019 13:48,0,213.127.66.102,100,1139,1,29/11/2019 13:48,R_1NwYM2bidhwYf5l
2,2,4,4.5,3.8,94,2,1,5,6,20,-99,Nederlands,1,-99,2,-99,2,8,6,6,,"Er zijn twee verschillende opvattingen over tolerantie. De sociaal-psychologische, openstaan voor andere culturen en het eten in",6,3,5,5,3,2,6,5,2,2,6,6,6,6,6,6,6,6,6,6,2,3,5,6,4,4,1,1,1,1,6,1,5,2,4,2,5,6,5,6,2,80,80,80,80,80,80,2,3,2,2,3,4,1,1,1,1,1,,1,,20/11/2019 22:19,20/11/2019 22:29,0,82.72.105.67,100,641,1,20/11/2019 22:29,R_3h5CQ8l3f2osRqE
2,2,4.666666667,4.833333333,4.7,230,3,1,2,3,29,-99,Nederlands,1,-99,2,-99,2,6,5,5,,Er zijn twee verschillende manieren om tolerantie op te vatten. Enerzijds betekent het openstaan voor andermans cultuur. Anderzi,5,3,5,6,6,3,6,6,6,4,4,3,4,4,4,4,3,3,5,5,3,6,6,4,3,4,3,4,3,2,3,2,5,4,4,6,6,6,6,4,4,61,81,41,81,51,40,2,4,2,3,2,6,5,2,2,2,2,,1,,02/12/2019 10:32,02/12/2019 10:41,0,84.83.58.13,100,535,1,02/12/2019 10:41,R_1JPghcJPucQxMuk
2,2,4.833333333,4.166666667,3.1,204,3,1,2,6,28,-99,Nederlands/blank,1,-99,2,-99,2,6,8,8,,Er zijn twee interpretaties van tolerantie. Tolerantie is belangrijk voor de samenleving.,7,6,6,4,4,2,7,2,2,2,6,6,6,5,5,5,4,2,6,6,3,2,5,5,6,5,3,3,4,3,5,2,2,3,2,1,5,6,5,3,2,61,79,76,75,75,42,2,2,2,4,2,6,2,1,1,1,2,,1,,02/12/2019 15:35,02/12/2019 15:43,0,31.161.191.146,100,481,1,02/12/2019 15:43,R_2yj6JYtksYYX2Qi
2,2,4.833333333,4,5.1,140,2,1,2,3,18,-99,nederlands,1,-99,2,-99,1,5,8,5,,"Er zijn twee definities van tolerantie, waarbij bij één tolerantie het openstaan voor culturen betekent en het bij de ander he",7,6,6,5,3,2,5,6,2,5,4,2,5,5,4,5,2,2,6,5,2,4,3,5,5,6,5,5,3,2,2,3,5,3,4,6,7,7,7,7,2,50,90,60,85,78,55,2,4,2,2,4,7,4,1,2,4,2,,1,,02/12/2019 16:41,02/12/2019 16:58,0,213.127.38.248,100,969,1,02/12/2019 16:58,R_3qCdmus5bK0azON
2,2,4.333333333,3.333333333,4,227,3,1,2,6,37,-99,Europees (caucasian),1,-99,2,-99,1,5,5,3,,Er zijn al jaren lang verschillende opvattingen over de betekenis van tolerantie. Tolerantie is belangrijk in de samenleving.,6,6,2,6,4,2,5,2,5,2,3,3,3,3,3,3,2,2,6,5,2,4,3,5,3,4,2,2,2,2,5,2,4,2,4,2,6,6,6,6,2,70,70,70,70,70,70,2,4,2,3,3,7,6,1,1,1,1,,1,,02/12/2019 10:47,02/12/2019 11:12,0,143.179.105.72,100,1463,1,02/12/2019 11:12,R_VUzqrkAiIgVhV1T
2,2,4.333333333,4.5,3.7,159,2,1,3,5,18,-99,Nederlands,1,-99,2,-99,3,8,8,5,,Er zijn 2 verschillende soorten betekenissen van tolerantie. De een gaat er vooral om dat je elkaar gewoon zijn/haar gang laat g,6,3,5,5,5,2,6,4,5,3,6,3,6,5,3,5,5,1,6,4,5,2,5,3,5,4,5,5,5,5,5,1,5,2,1,5,6,6,5,4,2,50,80,45,60,75,40,3,3,2,2,3,6,6,2,5,6,2,,1,,25/11/2019 23:10,25/11/2019 23:40,0,84.84.27.200,100,1763,1,25/11/2019 23:40,R_087TSl2iqoSvR2F
2,2,4.333333333,4.5,3.6,150,2,1,2,7,18,-99,Nederlandse,1,-99,2,-99,1,6,6,5,,"Er is discussie over de definitie van tolerantie. Betekend het dat we kijken naar mensen zonder vooroordelen, of dat we bepaalde",6,7,7,2,2,2,7,2,5,2,6,5,6,6,4,4,2,1,7,6,1,6,2,1,5,4,1,1,3,2,6,1,5,1,4,2,6,6,5,5,1,90,95,90,95,95,92,2,4,2,3,5,6,1,1,1,1,1,,1,,20/11/2019 14:15,20/11/2019 14:28,0,178.85.106.30,100,789,1,20/11/2019 14:28,R_3HTVq1MV76QM6lE
2,2,4.333333333,4.166666667,4,125,2,1,6,6,19,-99,Nederlands,1,-99,2,-99,4,6,5,8,,Er is al jaren lang een discussie over de betekenis van tolerantie. De vraag hierbij is of het gaat om het laten leven en het ac,4,6,6,4,4,2,6,3,4,2,6,4,6,6,6,5,5,3,6,6,3,4,4,5,4,5,2,2,2,2,5,3,3,2,3,2,6,6,5,6,4,71,78,60,73,71,60,2,3,2,3,3,7,2,2,2,2,1,,1,,20/11/2019 19:36,20/11/2019 19:50,0,217.121.133.248,100,812,1,20/11/2019 19:50,R_308A3EqN1cEy9uP
2,2,3.833333333,3.666666667,4.4,126,2,1,2,4,18,-99,Nederlands,1,-99,2,-99,2,8,5,5,,Er is al een tijdje een debat over wat tolerantie nou precies inhoudt. Voornamelijk 2 kanten worden belicht in het artikel.,7,5,3,2,5,1,6,2,5,2,4,3,5,4,3,5,3,2,6,5,2,5,5,2,2,2,3,1,3,1,5,4,5,2,4,2,6,6,6,6,3,50,90,30,60,80,61,2,4,2,4,2,6,5,5,5,5,4,,1,,24/11/2019 11:20,24/11/2019 11:30,0,217.121.172.123,100,544,1,24/11/2019 11:30,R_2ZQ96ukZMlRvgj0
2,2,5.166666667,4.5,4.6,74,1,1,7,6,30,-99,Nederlands,1,-99,2,-99,4,6,6,5,,Eeuwenoud debat over tolerantie met 2 hoofdstromen: openheid naar anderen en jouw mening ondergeschikt aan of iemand zn leven ka,7,6,6,6,4,2,7,5,4,4,4,3,6,5,4,5,3,1,7,6,2,6,4,4,5,4,2,2,2,2,2,2,6,3,4,6,6,6,6,4,3,,52,,,,,3,3,3,2,3,7,1,1,1,1,1,,1,,30/11/2019 19:39,30/11/2019 19:52,0,84.241.242.20,100,809,1,30/11/2019 19:52,R_3peQNInb148VKVV
2,2,4.5,4.833333333,4.3,116,2,1,3,6,20,-99,Nederland,1,-99,2,-99,1,6,5,5,,de twee vormen van tolerantie -sociaal psychologisch en filosofisch- zijn belangrijk om een samenleving stabiel en sterk te houd,5,3,6,6,5,2,6,4,7,2,6,4,3,5,5,6,4,1,6,6,2,2,7,3,5,1,2,2,2,2,4,2,5,3,4,2,6,6,6,6,3,29,100,60,90,30,60,2,4,2,2,4,7,4,2,1,1,1,,1,,24/11/2019 20:02,24/11/2019 20:21,0,82.75.243.141,100,1110,1,24/11/2019 20:21,R_1FPvOg5U0Umd2qw
2,2,4.166666667,3.333333333,3.4,41,1,1,4,4,25,-99,Nederlands,1,-99,2,-99,1,5,5,5,,-99,5,4,4,4,4,4,6,2,2,2,4,4,4,3,4,4,3,1,5,4,3,3,6,5,4,3,3,3,3,2,3,2,3,3,3,2,6,6,3,3,3,60,70,40,60,60,45,2,3,3,2,5,7,5,5,5,5,5,,1,,21/11/2019 20:31,21/11/2019 20:38,0,77.165.151.50,100,467,1,21/11/2019 20:38,R_yQpzC8tphGPvLVv
2,0,4.333333333,3.666666667,2.3,2,1,1,5,5,23,-99,Blank,1,-99,2,-99,3,5,8,8,,,6,6,6,3,3,2,6,2,2,2,5,5,5,5,5,5,4,4,5,5,2,5,3,3,4,3,1,1,1,1,4,1,1,1,1,1,5,5,4,3,1,75,75,75,60,75,75,2,4,3,3,3,6,1,1,1,1,1,,,1,19/11/2019 17:50,19/11/2019 17:57,0,77.172.226.6,100,421,1,19/11/2019 17:57,R_qDAxmjJ8bnpmaXL
2,0,4,4,3.8,7,1,1,2,6,20,-99,Nederlands,1,-99,2,-99,1,8,4,5,,,6,6,6,2,2,2,6,2,3,2,6,5,6,5,5,6,4,4,7,6,2,5,4,5,6,5,2,2,3,3,5,2,3,4,2,2,6,6,5,5,3,72,83,74,81,80,74,2,4,3,3,4,6,2,2,1,1,1,,,1,19/11/2019 18:13,19/11/2019 19:31,0,134.114.223.243,100,4699,1,19/11/2019 19:31,R_1pyEMUKIXJlhUDq
2,0,4.833333333,4,3.1,11,1,1,5,6,23,-99,Nederlands,1,-99,2,-99,4,4,5,5,,,7,7,7,3,4,1,7,2,1,2,6,6,6,6,6,6,6,6,7,5,3,6,3,4,5,5,1,2,2,2,6,2,2,2,2,2,6,6,5,2,2,80,80,80,80,80,80,2,4,4,2,5,4,1,1,1,1,1,,,1,19/11/2019 20:08,19/11/2019 20:19,0,213.127.57.41,100,608,1,19/11/2019 20:19,R_3hF7m7O8Tg8xykL
2,0,5.5,4.333333333,2.5,14,1,1,6,7,25,-99,Nederlands,1,-99,2,-99,1,6,4,6,,,7,5,7,1,6,7,7,2,3,2,6,6,6,4,1,4,1,1,7,6,1,5,2,5,6,5,1,1,1,1,7,1,2,1,1,1,5,5,5,2,2,90,100,80,100,100,90,2,4,2,4,6,7,1,1,1,1,1,,,1,19/11/2019 21:33,19/11/2019 21:42,0,188.206.73.63,100,551,1,19/11/2019 21:42,R_1rp1iebTRtafu4f
2,0,4.833333333,3.833333333,2.6,22,1,1,5,6,25,-99,Nederlands,1,-99,2,-99,1,4,4,8,,,6,6,7,4,3,3,7,2,2,3,6,3,4,3,5,7,3,5,7,5,5,5,3,2,5,5,2,3,3,2,6,1,1,2,1,1,3,5,5,5,2,73,79,66,67,76,73,2,4,3,3,4,7,2,2,1,1,1,,,1,20/11/2019 09:50,20/11/2019 09:57,0,213.127.116.195,100,369,1,20/11/2019 09:57,R_3gR6IMhmK32ArPz
2,0,4,4.833333333,4.3,37,1,1,3,3,21,-99,Nederlands,1,-99,2,-99,4,6,6,5,,,5,4,5,6,2,2,7,5,3,2,6,6,6,5,2,6,4,2,7,7,1,6,3,4,2,5,3,2,3,3,3,2,4,3,4,6,5,6,6,5,2,60,100,58,77,60,58,4,2,1,4,4,6,2,1,1,1,1,,,1,21/11/2019 18:40,21/11/2019 18:49,0,109.37.138.130,100,555,1,21/11/2019 18:49,R_2wjoI2hpFenZaYA
2,0,4.5,3.666666667,2.4,38,1,1,2,7,22,-99,Nederlands,1,-99,2,-99,2,6,6,3,,,7,5,7,3,3,2,7,1,1,1,5,7,7,6,4,2,2,2,7,6,1,6,3,4,3,2,1,1,1,1,5,1,1,1,1,1,6,6,5,1,1,85,85,61,85,85,85,2,4,2,2,6,6,1,1,1,1,1,,,1,21/11/2019 19:26,21/11/2019 19:36,0,87.214.252.214,100,574,1,21/11/2019 19:36,R_1Iit0BPkIEQ3Mdk
2,0,3.333333333,3.833333333,3.3,43,1,1,5,7,24,-99,Nederlands,1,-99,2,-99,1,6,6,6,,,6,4,6,2,1,1,7,1,1,1,7,6,6,7,6,7,2,1,7,5,1,3,4,3,7,1,1,1,1,2,5,1,1,1,4,4,5,6,6,4,1,75,75,75,69,75,75,1,5,3,3,6,8,1,1,1,1,1,,,1,21/11/2019 21:31,21/11/2019 21:50,0,86.91.72.185,100,1126,1,21/11/2019 21:50,R_3j8JXHNCxN14HzC
2,0,5.5,4.5,4.5,47,1,1,2,6,27,-99,Nederlands,1,-99,2,-99,1,6,6,8,,,6,5,4,6,6,6,6,5,5,5,4,2,2,2,2,2,2,2,5,5,3,2,3,6,4,3,5,5,5,5,3,2,6,4,5,5,5,5,5,5,3,19,86,13,67,47,64,4,3,2,3,1,7,1,1,1,1,1,,,1,22/11/2019 02:53,22/11/2019 03:02,0,114.122.139.121,100,525,1,22/11/2019 03:02,R_8csr1cIK4JdA5tT
2,0,5.333333333,4,3.5,49,1,1,2,6,23,-99,Nederlands,1,-99,2,-99,5,6,5,5,,,7,6,7,5,6,1,6,5,3,1,5,4,6,5,5,7,5,3,7,7,1,5,5,5,5,5,4,4,5,5,3,1,1,1,4,2,6,6,5,6,3,60,90,30,90,75,60,3,4,2,4,3,6,6,6,2,1,1,,,1,22/11/2019 10:04,22/11/2019 10:14,0,213.93.235.185,100,616,1,22/11/2019 10:14,R_5gOrDwtMkWHhOff
2,0,4.333333333,5,4,54,1,1,5,6,26,-99,Nederlandse,1,-99,2,-99,1,6,6,5,,,6,7,7,2,3,1,7,7,3,1,7,5,6,4,4,6,4,5,7,6,2,4,3,2,4,3,1,1,1,1,5,1,5,3,5,2,6,6,6,5,1,89,91,91,91,91,95,2,2,2,2,5,7,1,1,1,1,1,,,1,22/11/2019 11:31,22/11/2019 11:39,0,213.127.118.188,100,492,1,22/11/2019 11:39,R_12GALKnHN3KhT4X
2,0,4.166666667,3.166666667,3.2,56,1,1,2,6,25,-99,Nederlands,1,-99,2,-99,1,6,6,5,,,7,7,7,1,1,2,7,1,2,1,4,4,6,5,6,4,4,2,7,6,1,4,2,5,6,4,4,3,3,2,1,1,1,1,5,1,5,6,6,5,1,80,80,68,80,78,76,2,2,1,3,3,8,1,1,1,1,1,,,1,22/11/2019 11:36,22/11/2019 11:46,0,213.127.23.121,100,606,1,22/11/2019 11:46,R_30dgTQbdQh5lkXt
2,0,3.833333333,4.333333333,3.1,57,1,1,3,7,25,-99,Nedelands,1,-99,2,-99,1,5,6,6,,,6,7,7,1,1,1,7,1,4,1,7,6,4,4,4,4,4,4,7,7,2,5,2,3,5,7,1,1,1,1,6,1,2,2,2,1,5,6,6,5,1,80,80,73,81,80,83,1,5,3,2,5,7,1,1,1,1,1,,,1,22/11/2019 15:39,22/11/2019 15:47,0,143.179.13.35,100,499,1,22/11/2019 15:47,R_2pRDUKmklLy8S0z
2,0,4.166666667,4.5,3.4,61,1,1,5,7,22,-99,Europees,1,-99,2,-99,2,6,6,8,,,6,5,7,4,2,1,6,4,5,2,5,5,4,4,4,4,4,4,7,7,2,4,3,1,6,4,2,2,2,5,6,1,2,2,2,2,6,6,5,5,3,81,95,81,90,94,90,3,4,2,3,6,7,4,1,1,1,1,,,1,23/11/2019 00:05,23/11/2019 00:10,0,213.133.66.102,100,299,1,23/11/2019 00:10,R_XuB2CmL0CPaSDE5
2,0,4.5,3.833333333,3.8,65,1,1,1,4,22,-99,Nederlands,1,-99,2,-99,1,6,6,8,,,7,6,4,3,3,4,6,2,4,2,6,3,5,5,3,3,1,1,7,5,4,4,3,1,7,7,2,2,2,2,6,1,4,2,3,1,7,7,6,5,2,,50,,50,,50,4,2,1,3,2,7,1,1,1,1,1,,,1,25/11/2019 10:57,25/11/2019 11:04,0,145.97.148.231,100,396,1,25/11/2019 11:04,R_32PcucsZdUDpB8K
2,0,3.5,4.333333333,4.2,77,1,1,3,6,31,-99,Nederlands,1,-99,2,-99,2,5,5,8,,,6,6,4,2,2,1,6,4,4,4,4,4,5,5,4,4,4,4,7,6,1,4,3,4,5,5,2,2,2,2,4,4,5,2,4,2,6,6,6,5,2,80,80,80,80,80,80,2,4,2,3,6,7,1,1,1,1,1,,,1,22/11/2019 15:52,22/11/2019 16:05,0,92.111.239.65,97,787,0,22/11/2019 20:05,R_3NEO4tkEFdMB2aK
2,0,3.666666667,4.666666667,4.3,105,2,1,3,6,19,-99,Nederlandse,1,-99,2,-99,3,8,5,6,,,2,5,6,2,5,2,6,5,5,3,6,3,6,5,5,6,4,5,6,5,2,3,6,5,6,4,4,4,5,5,6,2,5,2,4,4,6,6,6,6,2,70,85,60,70,75,75,3,3,2,3,4,6,2,1,2,2,1,,,1,24/11/2019 12:22,24/11/2019 12:31,0,86.84.116.247,100,548,1,24/11/2019 12:31,R_24daHs20QXnOOUN
2,0,3.666666667,4.166666667,4,106,2,1,2,4,21,-99,Nederlands,1,-99,2,-99,1,1,4,6,,,3,3,5,3,6,2,7,4,5,2,4,3,3,4,4,4,4,4,6,3,3,5,6,2,3,4,4,4,4,4,3,4,4,4,4,4,4,4,4,4,4,63,100,31,79,74,59,2,4,2,3,3,7,2,2,2,2,2,,,1,25/11/2019 13:57,25/11/2019 14:22,0,145.97.143.127,100,1475,1,25/11/2019 14:22,R_3033LaKxCMFw6uK
2,0,3.833333333,3.833333333,2.8,107,2,1,4,6,19,-99,Nederlands,1,-99,2,-99,4,5,5,5,,,6,7,6,2,1,1,6,2,2,2,6,5,6,5,4,5,3,3,6,6,2,4,2,2,6,5,2,2,2,2,6,1,2,2,4,1,3,5,5,4,1,75,75,75,75,75,75,1,4,3,2,4,3,1,1,1,1,1,,,1,21/11/2019 14:25,21/11/2019 15:26,0,145.90.143.120,100,3668,1,21/11/2019 15:26,R_2vZKBweeNmAoQ6o
2,0,4.333333333,3.833333333,3.1,109,2,1,5,6,19,-99,Nederlands,1,-99,2,-99,1,6,4,5,,,7,5,6,5,2,1,6,2,2,2,6,5,6,5,5,6,5,3,7,7,1,7,1,1,5,4,1,1,1,1,5,2,2,2,2,2,5,5,5,5,1,75,86,75,75,85,76,1,4,2,1,6,6,1,1,1,1,1,,,1,20/11/2019 13:27,20/11/2019 13:34,0,24.132.222.138,100,435,1,20/11/2019 13:34,R_26g3DA7MkTY2upv
2,0,4.333333333,4.5,3.5,118,2,1,3,4,19,-99,nederlands,1,-99,2,-99,1,2,4,3,,,6,5,6,3,4,2,6,3,4,4,5,5,5,4,4,6,5,5,7,6,2,5,4,3,3,5,3,3,3,3,5,1,2,2,4,3,6,6,5,4,2,58,59,52,56,56,55,2,3,3,3,4,6,5,5,5,5,5,,,1,21/11/2019 16:01,21/11/2019 16:08,0,145.90.171.207,100,466,1,21/11/2019 16:08,R_2viVuHziH5pE2oA
2,0,3.833333333,4.666666667,4.1,120,2,1,2,4,19,-99,Nederlandse,1,-99,2,-99,2,2,2,5,,,5,6,6,2,2,2,7,4,1,4,6,6,5,6,4,5,2,2,6,5,3,3,2,2,6,3,3,3,2,1,7,2,5,3,3,4,6,6,6,5,1,59,86,47,56,72,86,2,4,2,2,3,6,6,4,2,2,1,,,1,21/11/2019 11:02,21/11/2019 11:07,0,145.97.144.143,100,284,1,21/11/2019 11:07,R_p9pvArjroag6TTz
2,0,3.666666667,5.166666667,4.5,121,2,1,3,4,20,-99,Nederlands,1,-99,2,-99,2,6,6,5,,,4,4,4,3,4,3,6,5,5,4,6,5,5,4,4,5,2,2,6,4,4,5,3,3,4,4,3,3,3,3,3,3,4,3,5,4,6,6,6,5,3,50,55,50,50,50,50,2,4,3,3,4,7,2,4,4,4,1,,,1,24/11/2019 21:50,24/11/2019 22:01,0,145.15.244.42,100,643,1,24/11/2019 22:01,R_1LFnYh0jLhR6W7v
2,0,4.333333333,3.833333333,2.8,122,2,1,5,6,19,-99,Nederlands,1,-99,2,-99,1,6,5,5,,,6,5,6,3,2,4,6,2,2,2,6,5,6,6,6,6,6,6,6,6,2,5,2,5,3,6,1,1,1,1,2,2,2,2,2,2,2,6,5,4,1,80,79,79,78,78,79,1,4,2,2,5,7,1,1,1,1,1,,,1,27/11/2019 17:08,27/11/2019 17:16,0,62.72.193.72,100,477,1,27/11/2019 17:16,R_1pXbekV6t43uwVe
2,0,3.333333333,4.166666667,3.6,124,2,1,2,6,18,-99,Nederlands,1,-99,2,-99,2,2,1,6,,,6,6,3,3,1,1,6,4,2,2,6,5,5,4,5,5,3,2,6,5,2,4,3,2,5,5,2,2,3,3,6,2,4,2,1,3,6,6,5,5,2,65,100,50,65,75,35,2,4,3,3,4,6,1,1,1,1,1,,,1,24/11/2019 11:18,24/11/2019 11:31,0,82.73.110.156,100,750,1,24/11/2019 11:31,R_bDvLdXaDlH3fEzL
2,0,3.833333333,4,6.3,130,2,1,2,1,18,-99,Nederlands,1,-99,2,-99,1,5,8,8,,,2,1,3,6,7,4,1,7,7,7,1,1,3,3,3,2,3,1,4,5,5,3,7,5,2,1,7,6,6,6,4,5,7,5,6,6,7,7,7,7,6,10,85,30,80,68,0,4,2,1,5,1,5,6,2,5,6,8,,,1,24/11/2019 16:24,24/11/2019 16:31,0,62.45.240.9,100,460,1,24/11/2019 16:31,R_1jv2llMQECnVnAd
2,0,3.666666667,4,3.1,139,2,1,5,6,18,-99,Nederlandse,1,-99,2,-99,2,5,3,5,,,7,6,6,1,1,1,7,2,2,1,6,6,7,4,1,7,7,5,7,7,2,3,1,6,7,6,3,1,3,3,2,1,2,1,2,2,5,6,6,5,1,90,81,61,86,90,92,2,4,2,2,6,7,1,1,1,1,1,,,1,23/11/2019 15:25,23/11/2019 15:36,0,145.15.244.22,100,614,1,23/11/2019 15:36,R_DuidJz84tERENX3
2,0,3.833333333,4.166666667,3.8,145,2,1,3,5,18,-99,Nederlands,1,-99,2,-99,2,5,8,8,,,5,5,4,5,3,1,7,2,3,2,6,5,6,5,4,5,3,5,6,4,3,5,3,5,4,3,2,3,2,2,5,2,4,3,3,2,5,6,5,5,3,65,81,49,67,72,63,2,4,2,2,4,6,2,1,1,2,1,,,1,20/11/2019 18:29,20/11/2019 18:37,0,217.120.18.101,100,488,1,20/11/2019 18:37,R_2RONNlaO41dlrpb
2,0,3.833333333,4.166666667,4.4,151,2,1,7,6,18,-99,Nederlands,1,-99,2,-99,1,8,8,5,,,6,3,5,2,5,2,6,5,2,2,5,5,4,4,4,4,4,4,6,5,2,4,3,5,4,5,3,3,2,2,5,3,4,4,4,2,6,6,6,6,3,70,76,64,59,68,74,2,4,2,2,4,6,1,1,1,1,2,,,1,20/11/2019 14:57,20/11/2019 15:04,0,82.161.221.63,100,419,1,20/11/2019 15:04,R_2fuQNrTVp9HJeDk
2,0,3.833333333,3.833333333,3.4,155,2,1,2,5,18,-99,Nederlands,1,-99,2,-99,3,6,5,5,,,6,7,6,2,1,1,6,2,2,1,6,6,5,6,4,4,2,1,6,5,2,7,2,4,6,4,2,2,2,3,3,1,2,1,2,2,6,7,6,5,2,70,70,69,75,75,70,1,4,2,3,5,6,1,1,1,1,1,,,1,24/11/2019 15:38,24/11/2019 15:52,0,82.74.118.252,100,835,1,24/11/2019 15:52,R_1GTUn7oJzKNhnHa
2,0,4,4,2.6,158,2,1,5,7,22,-99,Nederlandse,1,-99,2,-99,1,5,8,5,,,7,7,5,3,1,1,7,1,3,1,7,5,7,7,7,7,7,7,7,7,1,7,2,5,5,4,1,1,1,1,5,1,1,1,1,1,5,6,6,3,1,100,100,100,100,100,100,1,5,2,2,5,6,1,1,1,1,1,,,1,21/11/2019 22:56,21/11/2019 23:03,0,217.117.225.169,100,403,1,21/11/2019 23:03,R_12GwifyJTdw4woV
2,0,3.666666667,3.833333333,3.4,200,3,1,4,4,25,-99,Blank/Kaukasisch,1,-99,2,-99,2,5,5,6,,,7,7,4,2,1,1,5,5,2,1,5,5,4,4,1,4,4,1,7,5,1,5,3,2,4,5,1,1,1,1,7,4,4,2,1,2,6,6,4,4,1,60,60,50,50,50,40,1,4,2,1,5,6,1,1,1,1,1,,,1,02/12/2019 12:09,02/12/2019 12:19,0,83.85.79.241,100,587,1,02/12/2019 12:19,R_3Gv9FnrpPIqOPX2
2,0,3.666666667,4.166666667,4.5,226,3,1,5,5,19,-99,chinees,1,-99,2,-99,3,6,6,3,,,6,5,2,3,4,2,6,3,3,3,4,6,4,4,4,4,4,4,7,6,5,6,5,5,5,6,4,4,4,4,6,3,5,3,4,3,7,7,5,5,3,80,89,81,81,80,63,3,3,2,2,3,5,2,1,1,1,1,,,1,02/12/2019 10:53,02/12/2019 11:36,0,217.166.86.120,100,2556,1,02/12/2019 11:36,R_3qxlxSNvm3seodf
2,0,3.333333333,4.833333333,5.8,231,3,1,3,4,19,-99,Westers,1,-99,2,-99,1,3,2,8,,,3,1,3,5,2,6,5,6,3,6,4,5,3,3,5,4,6,3,5,7,3,5,7,5,2,3,5,6,7,4,5,6,7,7,6,4,7,4,7,5,5,20,33,67,80,80,95,5,2,4,3,4,4,6,5,9,4,4,,,1,02/12/2019 13:41,02/12/2019 13:45,0,85.145.0.60,100,210,1,02/12/2019 13:45,R_2Y9zLyYTY5DaOke
2,0,3.833333333,3.5,2.333333333,232,3,1,6,6,23,-99,Nederlands,1,-99,2,-99,2,5,8,8,,,6,6,3,4,3,1,7,1,2,1,6,4,5,4,4,4,4,3,6,4,2,5,2,3,6,3,2,2,2,2,5,1,4,1,4,1,,3,3,3,1,81,80,80,68,79,85,1,4,4,2,4,4,1,1,1,1,1,,,1,02/12/2019 10:59,02/12/2019 11:05,0,62.250.111.140,100,355,1,02/12/2019 11:05,R_3PTEbgfv1Q6yL3s
1,1,4,4.333333333,3.8,188,3,1,4,7,21,-99,Nederlands,1,-99,2,-99,2,6,5,8,"Tolerantie kan men opvatten als ruimdenkend zijn over andere culturen, of het toestaan van zaken waar je het niet mee eens bent.",,7,7,4,3,2,1,6,5,2,2,6,5,6,6,3,4,3,1,7,4,2,4,5,4,5,4,2,2,3,2,6,2,5,3,2,3,5,6,6,5,1,77,89,41,74,86,54,2,4,2,2,3,7,4,1,2,2,1,1,,,02/12/2019 14:38,02/12/2019 14:50,0,145.118.229.203,100,764,1,02/12/2019 14:50,R_1jiVslV5Kx9t3w0
1,1,4.333333333,3.833333333,4.4,237,3,1,1,4,19,-99,Nederlands,1,-99,2,-99,1,1,2,8,Tolerantie is in de maatschappij belangrijk om bepaalde verschillende etnische groepen  samen te laten leven. In het artikel wor,,6,6,3,4,5,2,6,5,2,2,4,4,3,4,4,5,3,1,6,4,5,2,5,4,5,3,3,3,3,3,7,3,6,4,4,4,6,6,5,4,2,55,74,43,66,71,41,2,3,2,4,1,6,5,2,5,2,1,1,,,02/12/2019 10:31,02/12/2019 10:45,0,185.89.153.162,100,853,1,02/12/2019 10:45,R_3e9rkH4KeNDSSVi
1,1,5.166666667,4.166666667,4.5,219,3,1,5,5,26,-99,Nederlands,1,-99,2,-99,1,6,4,5,"Tolerantie is iets wat goed is voor onze gemoedstoestand. Het is iets waarvan we ook leren te accepteren, zelfs als we het ergen",,7,1,7,2,7,7,7,2,2,5,6,3,6,5,2,6,5,1,7,4,5,1,6,6,6,3,3,5,6,5,4,1,3,2,5,5,7,7,7,5,3,70,90,40,60,60,55,4,2,1,3,3,8,1,1,1,1,1,1,,,02/12/2019 11:05,02/12/2019 11:14,0,89.205.227.67,100,534,1,02/12/2019 11:14,R_5AYUYZuUA9IyHSh
1,1,5,4.333333333,5,127,2,1,2,5,19,-99,nederlands,1,-99,2,-99,2,4,4,5,Tolerantie is het accepteren van in dit geval andere groepen. Intolerantie is het niet accepteren van andere groepen wat samen g,,6,6,5,5,4,4,5,5,5,4,4,3,6,5,5,6,4,1,7,6,2,3,5,4,6,5,2,2,2,2,5,3,5,4,5,5,6,7,6,6,3,60,70,50,65,75,55,3,3,2,4,3,6,4,2,1,4,1,1,,,20/11/2019 18:23,20/11/2019 18:40,0,145.97.157.17,100,998,1,20/11/2019 18:40,R_ZHS72XqZZU6CYHn
1,1,5,5,3.8,62,1,1,2,4,71,-99,Nederlander,1,-99,2,-99,1,6,6,6,"Tolerantie is een redelijk oud begrip, op twee manieren uit te leggen. Als buitenstaander (vakantieganger) en als de eigen omgev",,4,4,6,6,6,4,6,5,5,4,6,4,6,2,2,2,2,2,6,4,3,5,3,3,5,6,2,2,2,2,5,2,4,2,4,2,6,6,5,5,2,80,80,80,80,80,80,2,4,2,3,3,6,1,1,1,1,1,1,,,23/11/2019 15:52,23/11/2019 16:15,0,83.87.100.229,100,1381,1,23/11/2019 16:15,R_1dAzFVUMBwOc6V2
1,1,3.333333333,3.833333333,4.9,76,1,1,2,3,29,-99,Nederlands,1,-99,2,-99,1,5,6,6,Tolerantie heeft verschillende betekenissen voor mensen waarbij het belangrijk is onderscheid te maken tussen het afkeuren van e,,3,5,1,3,7,1,2,7,5,4,4,1,3,3,3,4,3,3,7,5,2,6,6,5,7,6,6,5,4,4,2,1,6,4,4,5,6,6,5,7,5,30,70,40,63,60,40,3,2,2,3,2,7,2,4,2,6,1,1,,,21/11/2019 18:13,21/11/2019 19:18,0,129.247.247.240,97,3858,0,21/11/2019 23:18,R_2ZObcPgw5r9KNMp
1,1,4.5,4.666666667,5.5,181,3,1,5,3,42,-99,Kaukasisch,1,-99,2,-99,1,6,6,6,tolerantie heeft een positieve invloed ook op jouw eigen gemoedsrust en zorgt dat jouw stress niveau naar beneden gaat en jij je,,2,2,6,6,7,4,4,6,6,5,4,3,4,3,3,4,3,3,4,2,1,1,4,7,2,1,4,5,5,4,4,1,7,5,5,5,7,7,6,6,6,18,72,52,62,62,20,5,1,1,5,1,5,6,5,5,5,2,1,,,02/12/2019 13:15,02/12/2019 13:39,0,217.104.113.39,100,1446,1,02/12/2019 13:39,R_2wbKdMVLUfliXtP
1,1,4.166666667,4.5,5.6,182,3,1,6,5,32,-99,Nederlands,1,-99,2,-99,1,6,5,5,Tolerantie en de definitie staat al jarenlang ter discussie. Er zijn verschillende soorten opvattingen. Tolerantie helpt met een,,2,6,4,6,4,3,3,6,5,6,4,3,3,3,3,3,1,1,6,5,4,4,5,5,3,3,4,4,5,4,5,3,6,6,4,5,7,7,6,6,6,40,70,60,50,55,30,4,2,2,4,3,6,6,2,5,5,2,1,,,02/12/2019 10:31,02/12/2019 10:41,0,217.63.73.153,100,573,1,02/12/2019 10:41,R_3Re04pT7SmSIXnG
1,1,4.333333333,4.5,3.4,212,3,1,2,5,33,-99,Nederlands,1,-99,2,-99,1,5,5,5,Op vakantiebestemmingen krijg je ook te maken met gebruiken en culturen die niet je eigen zijn. Meestal probeer je die daar ook ,,6,6,6,2,3,3,6,4,3,2,6,6,5,5,6,5,4,3,6,6,1,6,3,4,5,4,2,2,1,1,2,1,3,1,4,2,5,6,5,5,2,70,75,70,75,70,70,1,4,2,3,3,7,1,2,1,1,1,1,,,02/12/2019 11:26,02/12/2019 11:33,0,62.251.88.175,100,409,1,02/12/2019 11:33,R_2BrjoZN8VJ1EI6a
1,1,4.5,4.333333333,5,3,1,1,2,4,26,-99,Wit,1,-99,2,-99,2,6,6,4,Je hebt twee verschilllende aftakkingen in tolerantie. En tolerantie verbreed geluk.,,4,6,6,2,5,4,6,4,6,2,4,4,4,4,5,4,3,2,5,4,3,3,4,6,2,4,4,4,4,4,4,2,6,4,4,6,6,6,6,6,4,16,66,23,65,62,60,4,2,4,3,2,7,5,5,5,5,5,1,,,19/11/2019 18:13,19/11/2019 18:25,0,86.85.202.119,100,738,1,19/11/2019 18:25,R_3R4UVivuLTB2LtD
1,1,4.666666667,4,3.5,215,3,1,3,6,25,-99,Nederlands,1,-99,2,-99,1,6,6,5,In het klassieke debat worden twee soorten tolerantie onderscheiden: ten eerste de variant die betekent 'openstaan voor nieuwe o,,7,5,7,1,6,2,7,1,3,2,6,5,5,5,4,4,2,2,6,4,4,5,5,4,6,3,2,2,4,3,6,1,3,1,3,5,3,6,4,5,4,70,90,70,80,70,75,1,5,2,2,5,7,1,1,1,1,1,1,,,02/12/2019 12:47,02/12/2019 13:00,0,84.85.93.61,100,788,1,02/12/2019 13:00,R_DeEkDPtcStiYLXX
1,1,5,4.166666667,4.5,190,3,1,2,4,20,-99,Nederlands,1,-99,2,-99,2,6,8,8,Het debat over wat tolerantie inhoud is lange tijd bezig en wordt verschillend geïnterpreteerd. Het gevoel van tolerantie kan v,,7,6,5,4,4,4,6,3,3,3,4,6,5,3,4,6,4,1,7,5,1,4,3,4,5,4,3,2,2,2,4,2,5,3,4,4,7,6,6,5,3,65,75,60,60,75,75,2,3,1,2,2,7,2,1,2,4,1,1,,,02/12/2019 10:32,02/12/2019 10:48,0,213.136.30.3,100,945,1,02/12/2019 10:48,R_27JTkB8Gfxo6J8i
1,1,3.833333333,4.333333333,4.3,213,3,1,5,5,18,-99,Europees,1,-99,2,-99,4,3,4,5,"Het artikel gaat over wat tolerantie precies inhoudt, aan de hand van 2 opvattingen.",,1,3,5,5,6,3,6,2,5,3,5,5,2,2,3,3,3,3,5,5,4,3,3,5,3,6,2,2,2,2,6,2,5,3,3,5,6,6,6,5,2,38,100,41,72,40,40,2,4,4,3,3,6,2,2,2,2,1,1,,,02/12/2019 12:22,02/12/2019 12:31,0,145.118.74.176,100,543,1,02/12/2019 12:31,R_2DNtwQNaMWOhNpO
1,1,4.833333333,4.666666667,4.4,177,3,1,5,6,35,-99,Nederlands,1,-99,2,-99,1,5,4,2,Het artikel gaat over wat tolerantie nou precies inhoud: Is het tolereren als je je eigen waardes opzij zet en de ander acceptee,,6,6,6,6,3,2,6,5,4,3,5,5,6,6,5,5,6,3,6,5,3,5,6,5,5,3,2,2,2,2,5,2,6,5,4,5,5,5,5,4,3,65,40,30,70,65,45,3,4,2,4,3,6,2,2,2,2,1,1,,,02/12/2019 14:17,02/12/2019 14:26,0,94.212.104.48,100,541,1,02/12/2019 14:26,R_W9exjBgSyziEX61
1,1,3.833333333,4.333333333,3.8,206,3,1,2,6,20,-99,Blank/Europees,1,-99,2,-99,1,8,5,8,Het artikel gaat over de verschillende opvattingen van tolerantie en hoe tolerantie invloed heeft op de maatschappij en je leven,,4,4,6,2,4,3,6,5,2,4,5,4,4,5,3,3,3,1,5,5,5,4,5,5,4,4,1,1,1,1,5,1,5,4,3,4,4,5,5,5,2,71,73,69,82,79,56,2,4,2,2,3,5,1,1,1,1,1,1,,,02/12/2019 15:08,02/12/2019 15:22,0,77.171.59.114,100,810,1,02/12/2019 15:22,R_4H36rvPpFwMHWFz
1,1,4.333333333,4.5,3.7,175,3,1,2,4,20,-99,Mixed,1,-99,2,-99,4,6,4,3,"er zijn verschillende definities van tolerantie,een filosofische en culturele",,2,6,6,2,6,4,7,4,5,2,6,3,4,4,3,4,4,4,7,6,5,5,2,4,3,3,1,1,1,1,4,1,4,4,4,1,5,6,5,5,2,53,53,50,49,67,48,3,3,4,3,4,7,1,1,1,1,1,1,,,02/12/2019 11:40,02/12/2019 11:56,0,145.109.8.231,100,976,1,02/12/2019 11:56,R_u9br4tdLH3qOKMp
1,1,4.666666667,3.833333333,4.4,149,2,1,4,4,18,-99,westers,1,-99,2,-99,1,5,5,8,Er zijn twee typen tolerantie met andere opzichten. Tolerantie zorgt over het algemeen voor positieve gemoedsstand.,,6,5,4,3,4,6,4,5,3,3,4,4,5,4,3,4,3,3,7,5,2,4,3,5,5,4,3,3,5,5,2,2,5,3,4,4,6,7,5,5,3,47,92,34,77,77,20,2,4,2,4,3,7,2,2,2,2,2,1,,,24/11/2019 13:59,24/11/2019 14:12,0,94.212.177.31,100,748,1,24/11/2019 14:12,R_2hHpFkQlNbItbNv
1,1,3.5,4.5,5.2,208,3,1,3,6,32,-99,Blank,1,-99,2,-99,1,6,6,4,"Er zijn twee soorten tolerantie: openheid voor nieuwe culturen en gedachten, en het accepteren van zaken hoewel je er zelf niet ",,2,2,4,6,6,1,6,6,6,1,4,4,6,4,6,6,6,6,7,3,4,4,4,6,7,1,1,1,1,1,1,1,7,2,4,6,7,7,7,7,4,51,49,51,49,51,49,5,1,2,4,1,8,1,1,1,1,1,1,,,02/12/2019 13:57,02/12/2019 14:08,0,86.91.19.149,100,652,1,02/12/2019 14:08,R_xENzqdnWYbZ9sEp
1,1,3.666666667,3.666666667,3.7,229,3,1,3,6,39,-99,West europees,1,-99,2,-99,1,5,5,4,"De definitie van tolerantie is niet eenduidig, er zijn verschillende opvattingen voor. Tolerantie is wel belangrijk voor een goe",,2,6,2,6,4,2,5,3,5,2,4,3,3,3,3,3,3,1,6,3,4,4,2,5,2,3,2,2,2,2,5,2,5,2,2,2,6,6,5,5,2,67,75,70,73,72,60,2,4,2,2,2,7,6,1,1,1,1,1,,,02/12/2019 10:48,02/12/2019 11:11,0,145.91.223.4,100,1377,1,02/12/2019 11:11,R_2QrmjfnXyo9fteh
1,1,4,3.5,3,234,3,1,3,6,19,-99,Kaukasisch,1,-99,2,-99,1,6,6,6,De betekenis van tolerantie verschilt per persoon.,,7,7,7,1,1,1,7,2,2,2,6,2,6,2,5,5,2,2,7,7,5,7,4,4,1,2,1,1,1,1,4,1,1,1,1,1,6,7,7,4,1,80,80,75,80,80,80,1,5,1,1,4,5,1,1,1,1,1,1,,,02/12/2019 10:33,02/12/2019 10:40,0,94.212.46.45,100,438,1,02/12/2019 10:40,R_0OH7aEYlOLUXSQF
1,1,5.333333333,5.5,5.8,72,1,1,5,6,70,-99,ned,1,-99,2,-99,4,6,6,6,-99,,7,7,4,6,4,4,7,5,4,3,7,7,6,6,6,5,6,6,7,6,4,5,6,5,6,4,3,3,3,2,3,4,6,6,6,6,7,7,5,7,4,80,87,79,,,78,3,5,4,3,3,7,5,5,2,2,1,1,,,27/11/2019 14:14,27/11/2019 14:27,0,92.64.249.0,100,799,1,27/11/2019 14:27,R_3ewzXwzoMf6Z1WM
1,2,3.5,4,4.1,223,3,1,6,5,33,-99,West Europees,1,-99,2,-99,1,6,6,5,,"Wat betekend tolerantie nou echt. Tolerantie is vaak niet goedkeuring wat veel mensen denken, maar iets te verdragen.",4,3,4,4,5,1,4,4,4,4,4,4,4,3,3,4,3,3,7,5,5,6,5,5,6,3,3,3,3,3,4,3,3,3,4,5,5,4,5,5,4,50,50,50,50,50,50,4,2,2,3,4,6,5,5,5,5,5,,1,,02/12/2019 10:33,02/12/2019 11:00,0,87.255.57.200,100,1595,1,02/12/2019 11:00,R_3ExJ67YvNYoyYwc
1,2,4.333333333,3.666666667,4.1,161,2,1,1,6,18,-99,Nederlands,1,-99,2,-99,2,6,1,5,,Van tolerantie zijn 2 definities die van elkaar verschillen maar ook raakvlakken hebben. tolerantie is belangrijk in de samenlev,7,7,5,5,1,1,6,5,3,2,3,3,5,5,5,5,5,1,7,7,1,1,5,6,6,6,1,1,1,1,7,1,4,4,4,4,6,6,5,5,2,50,51,51,50,51,41,2,4,2,2,4,7,5,1,1,1,1,,1,,21/11/2019 11:21,21/11/2019 11:56,0,145.97.145.0,100,2112,1,21/11/2019 11:56,R_TnjiGzP69JRhZFn
1,2,4.166666667,4,3.8,16,1,1,5,6,51,-99,Nederlands,1,-99,2,-99,1,6,6,2,,Tolerantie naar de ander biedt veel voordelen.,7,7,7,1,2,1,7,6,2,1,4,4,4,4,4,4,4,4,7,4,2,3,5,1,7,4,1,1,1,1,2,1,2,2,5,3,6,6,6,5,2,71,71,71,73,72,74,1,5,2,2,6,7,1,1,1,1,1,,1,,19/11/2019 21:35,19/11/2019 21:49,0,94.213.165.225,100,848,1,19/11/2019 21:49,R_3rRbjK3gw0zQlep
1,2,4.5,4.333333333,5.5,197,3,1,4,3,19,-99,Nederlands,1,-99,2,-99,1,6,6,5,,"Tolerantie kan twee betekenissen hebben, of het is dat je andere culturen accepteert ondanks je mening of vooroordeel of dat je ",5,2,1,6,7,6,3,6,6,5,4,2,2,2,2,4,5,1,5,3,2,1,3,6,2,1,5,6,6,6,2,1,6,6,5,5,7,7,5,6,7,7,80,62,95,57,14,5,1,1,3,2,6,8,6,8,9,6,,1,,02/12/2019 10:50,02/12/2019 11:02,0,81.206.218.147,100,741,1,02/12/2019 11:02,R_3Jme5pHfz7Iv843
1,2,5,3.833333333,3.9,211,3,1,2,4,32,-99,Nederlands,1,-99,2,-99,1,6,6,5,,"Tolerantie kan het onbevooroordeeld zijn tegenover anderen, of het accepteren van zaken waar je het zelf niet mee eens bent. De ",6,5,7,6,4,2,6,3,3,3,5,3,5,5,4,6,5,4,6,6,1,6,3,3,6,4,1,1,1,1,5,1,4,3,1,5,6,6,5,6,2,60,82,48,63,75,68,2,4,2,3,2,6,1,1,1,1,1,,1,,02/12/2019 10:37,02/12/2019 10:53,0,82.73.248.97,100,920,1,02/12/2019 10:53,R_3szivVQ7jCETBEq
1,2,4,5.166666667,4.2,235,3,1,3,2,18,-99,Nederlands,1,-99,2,-99,1,6,4,6,,Tolerantie is het trouw blijven aan iets wat je gelooft en dat ook laten zien,6,6,5,4,2,1,6,5,3,6,6,5,1,5,2,1,5,1,7,7,7,7,7,7,7,7,6,6,6,7,3,5,4,6,3,4,7,6,2,2,3,45,100,58,80,63,46,1,1,3,3,2,3,1,2,6,6,2,,1,,02/12/2019 15:59,02/12/2019 16:05,0,83.162.165.194,100,336,1,02/12/2019 16:05,R_3m9sAkihDy8b5Ot
1,2,3.666666667,4,4.1,194,3,1,2,6,19,-99,Nederlands,1,-99,2,-99,1,8,8,8,,Tolerantie is essentieel in een gezonde samenleving en economie.,4,6,5,4,2,1,6,4,2,2,5,5,2,3,1,1,3,1,7,5,6,5,6,7,5,2,2,1,2,3,2,1,4,2,4,4,7,6,6,5,2,40,50,45,50,50,40,2,4,2,4,6,3,2,1,1,2,1,,1,,02/12/2019 10:31,02/12/2019 10:45,0,89.99.81.130,100,833,1,02/12/2019 10:45,R_1QaBuapAEX4AuRc
1,2,5.666666667,3.166666667,4.2,209,3,1,3,4,18,-99,Nederlands,1,-99,2,-99,1,4,5,4,,"Tolerantie is erg belangrijk in de samenlevening. Zonder tolerantie is er veel haat, geweld en discriminatie.",7,6,6,5,4,6,4,5,1,1,4,4,3,3,2,2,2,1,6,4,2,4,3,4,5,4,1,1,1,1,4,2,5,4,5,2,6,6,5,5,2,50,70,60,80,70,50,2,4,2,3,1,5,2,2,2,2,2,,1,,02/12/2019 13:46,02/12/2019 13:58,0,77.175.170.102,100,740,1,02/12/2019 13:58,R_2z8TRJMMgSCpNgX
1,2,4,4,3.9,214,3,1,5,6,40,-99,Nederlandse,1,-99,2,-99,4,6,6,5,,Tolerantie gaat over verdraagzaamheid. Wij onze mening niet op een ander opdringen maar een in ieder in hun waarde te laten,6,6,4,2,4,2,6,5,2,5,4,2,4,4,4,4,4,4,7,6,2,4,5,5,5,4,1,1,1,1,7,1,4,4,5,4,5,5,5,4,2,50,49,49,50,50,50,1,3,4,2,5,6,5,5,5,5,5,,1,,02/12/2019 14:13,02/12/2019 14:27,0,212.178.216.71,100,846,1,02/12/2019 14:27,R_3PACVyG2t5AgcR6
1,2,5,4.666666667,4.1,164,2,1,2,4,23,-99,Nederlandse,1,-99,2,-99,1,6,5,6,,Tolerantie gaat over hoe ruimdenkend iemand is.,6,6,6,4,5,3,6,4,5,3,5,5,4,4,5,5,3,5,5,5,5,4,3,3,5,5,6,5,3,3,5,3,5,3,4,2,5,6,5,5,3,55,65,55,65,60,55,4,2,2,4,2,4,5,5,5,5,1,,1,,22/11/2019 16:24,22/11/2019 16:32,0,94.212.55.159,100,455,1,22/11/2019 16:32,R_23f1UYw7vjcn3Rm
1,2,5.666666667,4.666666667,4.1,96,2,1,5,2,19,-99,Belgisch,1,-99,2,-99,1,6,6,8,,"Je hebt twee definities van tolerantie, de een gaat om het niet veroordelen van anderen. De andere gaat om het accepteren van an",7,7,7,4,5,4,7,1,5,4,5,6,6,6,4,6,6,1,6,6,3,4,4,1,2,1,4,4,4,4,3,1,4,4,4,4,6,6,5,5,2,50,50,50,50,50,50,2,4,3,3,4,7,2,2,2,2,2,,1,,01/12/2019 12:56,01/12/2019 13:08,0,77.162.186.21,100,720,1,01/12/2019 13:08,R_2EbIRiIcSywxrde
1,2,4.166666667,4.333333333,3.9,136,2,1,5,6,19,-99,Nederlands,1,-99,2,-99,3,3,4,5,,Het nieuwsartikel gaat over tolerantie voor elkaar binnen de samenleving.,6,5,6,2,3,3,5,5,2,3,5,6,5,5,4,6,4,3,5,4,2,4,3,4,5,5,3,2,2,2,5,2,3,3,4,3,5,6,5,6,2,75,90,60,70,75,55,2,4,4,3,4,4,5,5,5,5,4,,1,,01/12/2019 18:05,01/12/2019 18:13,0,86.95.40.231,100,524,1,01/12/2019 18:13,R_3OcaFBtnGqb74RB
1,2,4.333333333,4.5,4.1,220,3,1,6,6,28,-99,Nederlands,1,-99,2,-99,1,6,6,6,,Het nieuwsartikel gaat over de heersende kijk op tolerantie en stelt twee verschillende opvattingen voor.,6,5,7,2,5,1,5,5,4,1,7,5,5,5,4,5,3,2,6,6,3,4,3,5,4,3,3,2,2,2,2,1,5,2,4,1,7,7,6,5,3,65,80,55,60,63,56,4,2,1,4,3,7,1,1,1,1,1,,1,,02/12/2019 12:30,02/12/2019 12:38,0,80.113.179.41,100,486,1,02/12/2019 12:38,R_1j86fyypbLUPUMw
1,2,3.833333333,4.833333333,7,168,3,1,5,4,27,-99,Nederlands,1,-99,2,-99,5,5,8,5,,Het gaat over de verschillende manieren om naar tolerantie te kijken en over dat tolerantie belangrijk is.,1,1,1,7,7,6,4,6,6,7,2,4,2,2,2,2,2,2,6,4,3,5,3,5,3,4,7,7,7,7,7,7,7,7,7,7,7,7,7,7,7,0,50,40,50,40,0,5,1,1,5,1,1,9,9,9,9,9,,1,,02/12/2019 11:43,02/12/2019 11:51,0,145.100.74.34,100,485,1,02/12/2019 11:51,R_w1c9kk4kI1FlA09
1,2,3.166666667,4,4.6,15,1,1,2,5,59,-99,Nederlander,1,-99,2,-99,3,6,4,8,,Het gaat om tolerantie. En acceptatie van andersdenkenden.,5,5,2,3,2,2,5,2,5,5,4,3,4,4,4,4,4,4,5,5,2,2,6,5,5,2,1,3,3,2,2,2,6,5,4,2,6,6,6,6,3,70,72,71,70,71,73,3,4,1,3,3,6,1,1,1,1,1,,1,,19/11/2019 21:32,19/11/2019 21:47,0,78.13.56.202,100,943,1,19/11/2019 21:47,R_2YyLSq8tHvlHctg
1,2,3.166666667,3.666666667,3.3,185,3,1,3,5,30,-99,Nederlands,1,-99,2,-99,1,6,6,6,,Het belang van tolerantie op de samenleving.,4,5,2,3,4,1,7,2,2,1,6,4,4,5,5,4,4,2,6,5,4,3,3,3,5,2,1,1,1,1,6,1,5,2,2,3,3,5,5,5,2,50,80,60,75,60,50,2,4,2,4,4,6,1,1,1,1,1,,1,,02/12/2019 10:36,02/12/2019 10:48,0,84.26.31.154,100,720,1,02/12/2019 10:48,R_1ClwenEoGKXP08N
1,2,3.666666667,4,3.2,192,3,1,4,6,20,-99,Caucasian/blank,1,-99,2,-99,1,6,6,3,,Er zijn twee soorten tolerantie. Aan de ene kant heb je de mensen zonder vooroordelen en aan de andere kant heb je mensen die he,7,6,4,2,2,1,6,2,2,2,6,6,6,6,5,5,4,2,6,4,1,3,2,4,5,3,2,2,2,2,6,1,3,3,3,3,6,5,4,3,1,80,71,41,77,89,50,2,4,2,3,4,7,1,1,1,1,1,,1,,02/12/2019 10:30,02/12/2019 10:45,0,143.179.21.102,100,870,1,02/12/2019 10:45,R_1Oy83czEWcuPCnj
1,2,,,,174,3,1,3,5,48,-99,nederlands,1,-99,2,-99,1,6,6,6,,Er zijn twee soorten tolerantie:,,,,,,,,,,,,,,,,,,,,,,,,,,,,,,,,,,,,,,,,,,,,,,,,,,,,,,,,,,,,,,,,,,,,,,
1,2,4,3.666666667,3.6,173,3,1,2,6,25,-99,inheemse nederlander,1,-99,2,-99,1,6,5,8,,"Er zijn twee soorten tolerantie, die in maatschappelijke zin en die in filosofische zin.
Tolerantie helpt de maatschappij op vee",7,7,7,1,1,1,6,2,1,1,6,6,1,1,1,1,1,1,7,7,2,6,2,1,7,7,1,1,1,1,4,1,5,4,4,2,6,6,6,1,1,80,70,50,100,80,80,1,5,2,2,5,6,1,1,1,1,1,,1,,02/12/2019 12:41,02/12/2019 12:49,0,31.20.156.20,100,520,1,02/12/2019 12:49,R_1N4ZNVT3lgpPFfR
1,2,4.166666667,3.833333333,4.3,48,1,1,5,6,27,-99,Nederlands,1,-99,2,-99,1,5,5,6,,Er zijn twee opvattingen over wat tolerantie is 1) open staan voor andere ideeën 2) wegzetten van eigen normen . Tolerantie is ,6,6,5,2,5,1,6,2,2,2,6,5,5,4,5,2,5,2,7,6,1,2,2,2,5,4,2,2,2,2,5,1,3,3,4,1,7,7,7,5,5,65,100,40,40,75,80,2,4,3,3,2,8,1,1,1,1,1,,1,,22/11/2019 08:57,22/11/2019 09:05,0,31.161.203.142,100,480,1,22/11/2019 09:05,R_1Ol4GQBP8qjawjO
1,2,3.166666667,4.166666667,4.5,69,1,1,2,4,23,-99,Nederlands,1,-99,2,-99,1,5,3,5,,Elkaar accepteren om wie we zijn en openstaan voor het in ieder geval luisteren naar de ideeën en overtuigingen van een ander i,4,7,2,2,3,1,4,5,5,5,4,2,3,3,3,4,3,1,6,3,3,5,3,3,6,2,4,3,3,3,2,1,5,3,4,5,7,7,6,5,2,44,80,59,59,51,71,2,4,2,4,5,7,1,1,1,1,1,,1,,26/11/2019 14:51,26/11/2019 15:01,0,62.140.132.9,100,600,1,26/11/2019 15:01,R_1oiMWAvBg7jgOqx
1,2,5,3.833333333,3.3,21,1,1,5,6,26,-99,West Europees (Nederlands),1,-99,2,-99,2,5,4,5,,-99,6,6,6,6,4,2,7,2,2,2,6,4,5,2,4,4,2,1,6,5,2,5,3,2,6,5,2,2,2,2,4,1,4,2,4,2,5,5,5,2,3,50,50,50,50,50,50,2,4,3,2,6,7,5,5,5,5,5,,1,,20/11/2019 09:20,20/11/2019 09:39,0,31.161.144.45,100,1151,1,20/11/2019 09:39,R_25WtWLcTLJiei3q
1,0,4.833333333,3.666666667,5.1,5,1,1,5,6,28,-99,Nederlands,1,-99,2,-99,2,5,6,5,,,7,6,5,4,3,4,6,2,2,2,6,4,5,5,4,4,3,2,6,5,2,2,5,5,6,4,1,1,2,1,5,2,5,4,4,5,7,7,6,6,5,75,80,75,77,80,80,3,3,2,2,4,6,2,1,1,4,1,,,1,19/11/2019 18:39,19/11/2019 19:17,0,94.13.187.130,100,2270,1,19/11/2019 19:17,R_3fQcmDqAZkDlNdr
1,0,4.833333333,4.5,5,31,1,1,3,6,23,-99,Nederlands,1,-99,2,-99,2,6,5,6,,,6,7,7,2,5,2,6,5,2,6,4,4,6,4,1,6,3,1,6,5,5,3,4,7,5,2,3,3,2,2,3,2,6,5,4,3,7,7,6,7,3,40,80,40,80,80,50,2,3,1,4,3,7,2,1,1,1,1,,,1,21/11/2019 16:55,21/11/2019 17:05,0,86.83.95.10,100,599,1,21/11/2019 17:05,R_2PoJf3raKayl8zz
1,0,4.666666667,4,4.5,35,1,1,2,3,27,-99,Caucasisch,1,-99,2,-99,3,4,4,6,,,6,5,5,5,6,1,3,5,5,5,3,3,3,3,3,3,3,3,5,5,5,5,3,3,3,3,5,5,5,5,5,2,5,5,4,4,5,5,5,5,5,28,79,36,81,83,60,4,4,2,4,2,6,4,4,4,4,4,,,1,21/11/2019 18:27,21/11/2019 18:32,0,82.173.131.17,100,296,1,21/11/2019 18:32,R_1N9QVszidh1TZCU
1,0,4.333333333,4,4.6,39,1,1,3,3,23,-99,Nederlandse,1,-99,2,-99,1,8,8,6,,,4,4,5,5,6,2,5,6,5,3,3,2,4,1,2,3,1,1,6,5,4,5,6,5,2,6,2,2,2,2,4,2,5,3,5,6,5,6,5,4,5,25,100,25,65,90,45,5,2,2,4,2,7,5,5,2,4,2,,,1,21/11/2019 19:29,21/11/2019 19:40,0,86.88.41.16,100,685,1,21/11/2019 19:40,R_21G4I5Y4Ary5oAE
1,0,4.5,4,3.3,67,1,1,2,6,26,-99,Nederlands,1,-99,2,-99,1,5,5,8,,,7,6,6,2,4,2,6,2,2,2,6,6,6,5,4,3,4,1,7,6,2,5,3,3,5,5,1,1,1,1,6,2,3,2,4,4,4,6,3,3,2,80,80,65,55,80,80,2,4,2,2,4,7,2,2,2,2,1,,,1,25/11/2019 18:10,25/11/2019 18:49,0,94.212.44.178,100,2374,1,25/11/2019 18:49,R_1gjOvoorDC05OhC
1,0,5.166666667,4.166666667,4.4,68,1,1,3,4,22,-99,Nederlands,1,-99,2,-99,2,5,5,6,,,7,6,5,4,4,5,6,4,4,3,4,4,,,,,,,6,5,2,3,5,4,4,4,1,1,1,1,5,1,5,2,4,4,7,7,6,6,2,65,82,66,66,68,62,3,3,2,4,2,6,5,5,5,5,5,,,1,26/11/2019 10:49,26/11/2019 10:57,0,129.125.13.35,100,474,1,26/11/2019 10:57,R_Wp4Ay9568GCMJRT
1,0,5.333333333,5.166666667,3.3,73,1,1,2,6,36,-99,Nederlands,1,-99,2,-99,1,5,5,6,,,6,6,6,4,6,4,7,5,4,3,6,6,4,4,3,5,2,1,7,7,1,7,1,2,6,4,2,2,2,1,3,1,5,2,4,3,3,5,4,5,1,82,81,82,82,82,82,1,4,2,2,6,6,2,2,2,2,2,,,1,28/11/2019 09:37,28/11/2019 09:44,0,77.168.124.108,100,362,1,28/11/2019 09:44,R_2XhXzYWnBXiXqtk
1,0,4.666666667,4.5,3.9,117,2,1,6,6,24,-99,"Nederlands, Oost Europees",1,-99,2,-99,1,6,6,5,,,5,3,5,6,6,3,4,5,5,4,5,4,3,6,4,5,4,2,5,3,6,4,5,3,6,3,2,2,2,2,6,2,2,2,2,2,6,6,6,6,5,27,83,51,85,87,26,5,1,2,4,2,7,1,1,1,1,1,,,1,25/11/2019 13:04,25/11/2019 13:14,0,82.169.162.211,100,601,1,25/11/2019 13:14,R_1pzJOFD5Klul5Xb
1,0,4.166666667,4.5,4.4,172,3,1,3,6,24,-99,West-Europees,1,-99,2,-99,2,6,5,5,,,6,6,6,3,2,2,6,5,3,2,6,5,6,6,4,1,2,2,6,5,2,3,5,4,5,4,2,2,2,2,5,2,5,2,6,3,6,6,5,6,3,75,80,80,75,70,70,3,2,4,3,5,7,2,1,1,1,2,,,1,02/12/2019 15:14,02/12/2019 15:24,0,31.20.221.158,100,593,1,02/12/2019 15:24,R_UxSAEOrT7rbXnu9
1,0,4.5,3.333333333,5.3,184,3,1,6,3,24,-99,Nederlands,1,-99,2,-99,1,6,6,6,,,7,1,1,7,7,4,2,7,4,5,1,1,4,2,2,4,2,2,5,2,7,2,4,7,2,7,1,3,2,2,2,1,6,6,4,6,6,6,6,6,6,5,80,25,81,80,25,5,1,1,5,1,8,2,2,2,2,2,,,1,02/12/2019 15:58,02/12/2019 16:05,0,163.158.225.124,100,388,1,02/12/2019 16:05,R_RXLPYwgTPTySuJP
1,0,3.833333333,4.166666667,3.5,191,3,1,5,6,19,-99,Nederlands,1,-99,2,-99,2,8,8,5,,,6,6,5,2,2,2,6,3,3,3,5,5,5,5,6,6,5,3,6,5,3,5,3,3,3,5,2,2,2,3,3,2,3,3,3,2,5,5,5,5,2,38,90,75,75,70,10,2,4,2,2,3,6,4,2,2,2,2,,,1,02/12/2019 11:29,02/12/2019 11:35,0,145.94.248.74,100,362,1,02/12/2019 11:35,R_QhVvHQh5UWXn7NL
1,0,2.5,4,4.1,195,3,1,5,6,29,-99,Nederlands/Kaukasisch,1,-99,2,-99,2,6,6,8,,,4,2,6,1,1,1,7,1,1,1,7,7,4,4,4,6,3,1,3,3,1,2,6,7,6,4,1,1,1,1,6,2,4,2,3,5,6,6,5,4,4,70,80,55,70,70,40,1,5,2,2,3,7,1,1,1,1,1,,,1,02/12/2019 14:27,02/12/2019 14:39,0,77.251.195.145,100,718,1,02/12/2019 14:39,R_1MROQHrBwYwM4dq
1,0,5.333333333,4.666666667,3.6,198,3,1,2,4,26,-99,Blank,1,-99,2,-99,1,5,5,6,,,6,6,6,6,6,2,6,6,5,4,4,3,2,2,3,4,4,3,6,5,4,2,5,5,6,6,3,3,3,3,5,1,5,2,2,3,5,5,4,5,4,70,90,60,68,83,60,2,4,3,3,3,5,1,1,1,1,1,,,1,02/12/2019 11:15,02/12/2019 11:20,0,77.175.224.165,100,313,1,02/12/2019 11:20,R_3LhTRtKxRzyMGcu
1,0,3.833333333,4,3.2,201,3,1,3,6,18,-99,Nederlands,1,-99,2,-99,3,2,8,5,,,6,6,6,2,2,1,6,2,2,2,6,6,6,6,4,5,3,2,6,6,2,6,2,3,3,5,2,2,2,3,6,1,4,2,4,2,5,6,5,2,1,85,100,86,88,91,71,4,4,4,2,5,5,1,1,1,1,1,,,1,02/12/2019 12:54,02/12/2019 13:03,0,89.205.134.116,100,516,1,02/12/2019 13:03,R_XYUpXHjG8CLAccV
1,0,4,4.666666667,3.3,205,3,1,6,6,25,-99,Nederlands,1,-99,2,-99,1,6,4,4,,,4,7,7,4,1,1,7,7,2,2,6,4,6,6,6,6,6,4,7,7,3,5,5,5,7,5,1,3,2,3,5,1,1,1,1,6,5,5,5,6,2,76,73,70,62,75,66,3,3,2,2,5,7,1,1,1,1,1,,,1,02/12/2019 11:22,02/12/2019 11:33,0,145.52.165.223,100,637,1,02/12/2019 11:33,R_1JIyAbgzor1dVGx
,1,5.166666667,3.5,,80,1,1,,,,,,,,,,,8,8,6,-99,,7,6,6,6,3,3,6,2,3,2,4,4,7,6,5,7,6,5,,,,,,,,,,,,,,,,,,,,,,,,,,,,,,,,,,,,,,,,,1,,,19/11/2019 22:27,19/11/2019 22:29,0,145.133.23.27,42,144,0,20/11/2019 02:29,R_3xGsoRABsCpyrzX
,1,4,,,91,1,1,,,,,,,,,,,8,3,1,-99,,4,4,4,4,4,4,,,,,,,,,,,,,,,,,,,,,,,,,,,,,,,,,,,,,,,,,,,,,,,,,,,,,1,,,22/11/2019 13:56,22/11/2019 13:57,0,90.204.2.2,36,47,0,22/11/2019 17:57,R_2bKaskywXZAUq4y
,2,5.666666667,4.333333333,5,238,3,1,,,,,,,,,,,6,6,6,,Tolerantie kent verschillende betekenissen. Tolerantie is van belang om eenheid te bevorderen en discriminatie tegen te gaan.,2,6,7,7,5,7,7,5,4,4,4,2,5,5,4,4,2,1,7,3,1,5,5,7,7,6,4,3,2,2,5,1,4,5,7,6,6,6,5,5,5,,,,,,,,,,,,,,,,,,,1,,02/12/2019 14:49,02/12/2019 14:59,0,80.114.93.170,56,598,0,02/12/2019 18:59,R_3nNxsmQk2KJTtov
,2,5,3.666666667,,85,1,1,,,,,,,,,,,5,5,5,,Tolerantie is het openstaan voor andere culturen en het accepteren ervan. Tolerantie heeft een positief effect op de samenleving,7,6,6,5,2,4,4,4,2,2,6,4,4,4,5,4,3,1,,,,,,,,,,,,,,,,,,,,,,,,,,,,,,,,,,,,,,,,,,1,,22/11/2019 21:16,22/11/2019 21:23,0,217.103.118.148,42,440,0,23/11/2019 01:23,R_24pCUAVBw6mJJUK
,2,4,4,,83,1,1,,,,,,,,,,,4,4,4,,test test,4,4,4,4,4,4,4,4,4,4,4,4,1,1,1,1,1,1,,,,,,,,,,,,,,,,,,,,,,,,,,,,,,,,,,,,,,,,,,1,,21/11/2019 18:41,21/11/2019 18:46,0,185.59.38.242,42,277,0,21/11/2019 22:47,R_tKcwOfZwcGLw4M1
,2,4.333333333,4.5,,84,1,1,,,,,,,,,,,5,5,6,,Er zijn twee soorten tolerantie: accepteren van anderen en open staan voor anderen. Tolerantie is goed voor het functioneren van,6,5,6,3,5,1,7,3,3,2,6,6,6,4,6,5,4,1,,,,,,,,,,,,,,,,,,,,,,,,,,,,,,,,,,,,,,,,,,1,,21/11/2019 19:36,21/11/2019 19:43,0,31.161.203.142,42,399,0,21/11/2019 23:43,R_1opSOceC7vW8ypa
,2,5.166666667,4.166666667,,87,1,1,,,,,,,,,,,6,5,8,,-99,6,5,6,6,6,2,6,2,4,1,6,6,,,,,,,,,,,,,,,,,,,,,,,,,,,,,,,,,,,,,,,,,,,,,,,,1,,21/11/2019 18:52,21/11/2019 20:05,0,213.127.7.105,39,4360,0,22/11/2019 00:06,R_SJhj7K7aU6D9HhL
,0,4.666666667,4.5,4.5,78,1,1,,,,,,,,,,,6,6,5,,,7,7,6,5,2,1,6,6,2,5,5,3,3,3,3,3,3,3,6,5,2,6,5,6,7,5,3,2,5,5,2,2,4,5,4,3,6,6,5,5,5,60,79,26,72,22,40,,,,,,,,,,,,,,1,21/11/2019 23:43,21/11/2019 23:51,0,94.212.44.219,58,480,0,22/11/2019 03:52,R_W6V9E0l7hopDZ9D
,0,4,4.666666667,,79,1,1,,,,,,,,,,,6,5,8,,,4,5,6,2,5,2,5,5,6,2,6,4,4,4,4,4,4,4,,,,,,,,,,,,,,,,,,,,,,,,,,,,,,,,,,,,,,,,,,,1,19/11/2019 20:12,19/11/2019 20:18,0,86.85.202.119,42,361,0,20/11/2019 00:18,R_3kbIf4vv6ogI0oC
,0,4.833333333,4.333333333,,81,1,1,,,,,,,,,,,6,6,6,,,6,4,6,5,6,2,4,6,6,6,2,2,3,3,3,3,3,3,,,,,,,,,,,,,,,,,,,,,,,,,,,,,,,,,,,,,,,,,,,1,19/11/2019 22:25,19/11/2019 22:56,0,213.127.79.107,42,1822,0,20/11/2019 02:57,R_248ABzRGWccfZ1A
,0,3.833333333,3.666666667,,82,1,1,,,,,,,,,,,5,5,4,,,7,7,6,1,1,1,7,1,2,1,6,5,5,6,6,6,6,6,,,,,,,,,,,,,,,,,,,,,,,,,,,,,,,,,,,,,,,,,,,1,21/11/2019 17:54,21/11/2019 17:56,0,145.90.151.199,42,117,0,21/11/2019 21:56,R_3FVz6dlpFwTphvl
,0,4.333333333,3.5,,86,1,1,,,,,,,,,,,5,5,6,,,4,4,6,4,4,4,4,4,4,1,4,4,,,,,,,,,,,,,,,,,,,,,,,,,,,,,,,,,,,,,,,,,,,,,,,,,1,26/11/2019 23:50,26/11/2019 23:58,0,108.200.140.117,42,473,0,27/11/2019 03:59,R_Amt24XzKKSYlyJr
,0,4.666666667,4.333333333,,88,1,1,,,,,,,,,,,6,6,6,,,4,6,6,6,4,2,6,4,4,2,6,4,,,,,,,,,,,,,,,,,,,,,,,,,,,,,,,,,,,,,,,,,,,,,,,,,1,21/11/2019 20:18,21/11/2019 20:29,0,83.87.100.229,39,655,0,22/11/2019 00:29,R_ZKUKBL2SQQ77olP
,0,4.666666667,4,,89,1,1,,,,,,,,,,,5,5,5,,,4,4,6,6,4,4,4,4,4,4,4,4,,,,,,,,,,,,,,,,,,,,,,,,,,,,,,,,,,,,,,,,,,,,,,,,,1,21/11/2019 22:26,21/11/2019 22:28,0,77.163.102.143,39,125,0,22/11/2019 02:28,R_1pAUPqZp36jlQGL
,0,4.333333333,,,90,1,1,,,,,,,,,,,6,4,5,,,7,7,6,2,3,1,,,,,,,,,,,,,,,,,,,,,,,,,,,,,,,,,,,,,,,,,,,,,,,,,,,,,,,1,20/11/2019 22:15,20/11/2019 22:16,0,94.214.157.251,36,69,0,21/11/2019 02:16,R_3j7fbCP9rIlbYzh
